date,abs_days,year,day,year_day,week,holidays,workdays,dayofweek,dayofmonth,dayofyear,monthofyear,residual_holiday,residual_workday,lunar_year,lunar_month,lunar_day,lunar_year_day,dayoflunaryear,dayoflunarmonth,monthoflunaryear,jieqiofyear,jieqi_day,dayofjieqi
2019-01-01,6940,2019,1,1,1,1,1,1,1,1,1,0,0,0,1,1,1,1,1,1,0,0,0
2019-01-02,6941,2019,2,2,1,0,1,2,2,2,1,0,0,0,1,2,2,2,2,1,0,0,0
2019-01-03,6942,2019,3,3,1,0,1,3,3,3,1,0,0,0,1,3,3,3,3,1,0,0,0
2019-01-04,6943,2019,4,4,1,0,1,4,4,4,1,0,0,0,1,4,4,4,4,1,0,0,0
2019-01-05,6944,2019,5,5,1,0,0,5,5,5,1,0,0,0,1,5,5,5,5,1,0,0,0
2019-01-06,6945,2019,6,6,1,0,0,6,6,6,1,0,0,0,1,6,6,6,6,1,0,0,0
2019-01-07,6946,2019,7,7,2,0,1,0,7,7,1,0,0,0,1,7,7,7,7,1,0,0,0
2019-01-08,6947,2019,8,8,2,0,1,1,8,8,1,0,0,0,1,8,8,8,8,1,0,0,0
2019-01-09,6948,2019,9,9,2,0,1,2,9,9,1,0,0,0,1,9,9,9,9,1,0,0,0
2019-01-10,6949,2019,10,10,2,0,1,3,10,10,1,0,0,0,1,10,10,10,10,1,0,0,0
2019-01-11,6950,2019,11,11,2,0,1,4,11,11,1,0,0,0,1,11,11,11,11,1,0,0,0
2019-01-12,6951,2019,12,12,2,0,0,5,12,12,1,0,0,0,1,12,12,12,12,1,0,0,0
2019-01-13,6952,2019,13,13,2,0,0,6,13,13,1,0,0,0,1,13,13,13,13,1,0,0,0
2019-01-14,6953,2019,14,14,3,0,1,0,14,14,1,0,0,0,1,14,14,14,14,1,0,0,0
2019-01-15,6954,2019,15,15,3,0,1,1,15,15,1,0,0,0,1,15,15,15,15,1,0,0,0
2019-01-16,6955,2019,16,16,3,0,1,2,16,16,1,0,0,0,1,16,16,16,16,1,0,0,0
2019-01-17,6956,2019,17,17,3,0,1,3,17,17,1,0,0,0,1,17,17,17,17,1,0,0,0
2019-01-18,6957,2019,18,18,3,0,1,4,18,18,1,0,0,0,1,18,18,18,18,1,0,0,0
2019-01-19,6958,2019,19,19,3,0,0,5,19,19,1,0,0,0,1,19,19,19,19,1,0,0,0
2019-01-20,6959,2019,20,20,3,0,0,6,20,20,1,0,0,0,1,20,20,20,20,1,0,0,0
2019-01-21,6960,2019,21,21,4,0,1,0,21,21,1,0,0,0,1,21,21,21,21,1,0,0,0
2019-01-22,6961,2019,22,22,4,0,1,1,22,22,1,0,0,0,1,22,22,22,22,1,0,0,0
2019-01-23,6962,2019,23,23,4,0,1,2,23,23,1,0,0,0,1,23,23,23,23,1,0,0,0
2019-01-24,6963,2019,24,24,4,0,1,3,24,24,1,0,0,0,1,24,24,24,24,1,0,0,0
2019-01-25,6964,2019,25,25,4,0,1,4,25,25,1,0,0,0,1,25,25,25,25,1,0,0,0
2019-01-26,6965,2019,26,26,4,1,0,5,26,26,1,0,0,0,1,26,26,26,26,1,0,0,0
2019-01-27,6966,2019,27,27,4,0,0,6,27,27,1,0,0,0,1,27,27,27,27,1,0,0,0
2019-01-28,6967,2019,28,28,5,0,1,0,28,28,1,0,0,0,1,28,28,28,28,1,0,0,0
2019-01-29,6968,2019,29,29,5,0,1,1,29,29,1,0,0,0,1,29,29,29,29,1,0,0,0
2019-01-30,6969,2019,30,30,5,0,1,2,30,30,1,0,0,0,1,30,30,30,30,1,0,0,0
2019-01-31,6970,2019,31,31,5,0,1,3,31,31,1,0,0,0,1,31,31,31,31,1,0,0,0
2019-02-01,6971,2019,1,32,5,0,1,4,1,32,2,0,0,0,2,1,32,32,1,2,0,0,0
2019-02-02,6972,2019,2,33,5,0,0,5,2,33,2,0,0,0,2,2,33,33,2,2,0,0,0
2019-02-03,6973,2019,3,34,5,0,0,6,3,34,2,0,0,0,2,3,34,34,3,2,0,0,0
2019-02-04,6974,2019,4,35,6,0,1,0,4,35,2,0,0,0,2,4,35,35,4,2,0,0,0
2019-02-05,6975,2019,5,36,6,0,1,1,5,36,2,0,0,0,2,5,36,36,5,2,0,0,0
2019-02-06,6976,2019,6,37,6,0,1,2,6,37,2,0,0,0,2,6,37,37,6,2,0,0,0
2019-02-07,6977,2019,7,38,6,0,1,3,7,38,2,0,0,0,2,7,38,38,7,2,0,0,0
2019-02-08,6978,2019,8,39,6,0,1,4,8,39,2,0,0,0,2,8,39,39,8,2,0,0,0
2019-02-09,6979,2019,9,40,6,0,0,5,9,40,2,0,0,0,2,9,40,40,9,2,0,0,0
2019-02-10,6980,2019,10,41,6,0,0,6,10,41,2,0,0,0,2,10,41,41,10,2,0,0,0
2019-02-11,6981,2019,11,42,7,0,1,0,11,42,2,0,0,0,2,11,42,42,11,2,0,0,0
2019-02-12,6982,2019,12,43,7,0,1,1,12,43,2,0,0,0,2,12,43,43,12,2,0,0,0
2019-02-13,6983,2019,13,44,7,0,1,2,13,44,2,0,0,0,2,13,44,44,13,2,0,0,0
2019-02-14,6984,2019,14,45,7,0,1,3,14,45,2,0,0,0,2,14,45,45,14,2,0,0,0
2019-02-15,6985,2019,15,46,7,0,1,4,15,46,2,0,0,0,2,15,46,46,15,2,0,0,0
2019-02-16,6986,2019,16,47,7,0,0,5,16,47,2,0,0,0,2,16,47,47,16,2,0,0,0
2019-02-17,6987,2019,17,48,7,0,0,6,17,48,2,0,0,0,2,17,48,48,17,2,0,0,0
2019-02-18,6988,2019,18,49,8,0,1,0,18,49,2,0,0,0,2,18,49,49,18,2,0,0,0
2019-02-19,6989,2019,19,50,8,0,1,1,19,50,2,0,0,0,2,19,50,50,19,2,0,0,0
2019-02-20,6990,2019,20,51,8,0,1,2,20,51,2,0,0,0,2,20,51,51,20,2,0,0,0
2019-02-21,6991,2019,21,52,8,0,1,3,21,52,2,0,0,0,2,21,52,52,21,2,0,0,0
2019-02-22,6992,2019,22,53,8,0,1,4,22,53,2,0,0,0,2,22,53,53,22,2,0,0,0
2019-02-23,6993,2019,23,54,8,0,0,5,23,54,2,0,0,0,2,23,54,54,23,2,0,0,0
2019-02-24,6994,2019,24,55,8,0,0,6,24,55,2,0,0,0,2,24,55,55,24,2,0,0,0
2019-02-25,6995,2019,25,56,9,0,1,0,25,56,2,0,0,0,2,25,56,56,25,2,0,0,0
2019-02-26,6996,2019,26,57,9,0,1,1,26,57,2,0,0,0,2,26,57,57,26,2,0,0,0
2019-02-27,6997,2019,27,58,9,0,1,2,27,58,2,0,0,0,2,27,58,58,27,2,0,0,0
2019-02-28,6998,2019,28,59,9,0,1,3,28,59,2,0,0,0,2,28,59,59,28,2,0,0,0
2019-03-01,6999,2019,1,60,9,0,1,4,1,60,3,0,0,0,3,1,60,60,1,3,0,0,0
2019-03-02,7000,2019,2,61,9,0,0,5,2,61,3,0,0,0,3,2,61,61,2,3,0,0,0
2019-03-03,7001,2019,3,62,9,0,0,6,3,62,3,0,0,0,3,3,62,62,3,3,0,0,0
2019-03-04,7002,2019,4,63,10,0,1,0,4,63,3,0,0,0,3,4,63,63,4,3,0,0,0
2019-03-05,7003,2019,5,64,10,0,1,1,5,64,3,0,0,0,3,5,64,64,5,3,0,0,0
2019-03-06,7004,2019,6,65,10,0,1,2,6,65,3,0,0,0,3,6,65,65,6,3,0,0,0
2019-03-07,7005,2019,7,66,10,0,1,3,7,66,3,0,0,0,3,7,66,66,7,3,0,0,0
2019-03-08,7006,2019,8,67,10,0,1,4,8,67,3,0,0,0,3,8,67,67,8,3,0,0,0
2019-03-09,7007,2019,9,68,10,0,0,5,9,68,3,0,0,0,3,9,68,68,9,3,0,0,0
2019-03-10,7008,2019,10,69,10,0,0,6,10,69,3,0,0,0,3,10,69,69,10,3,0,0,0
2019-03-11,7009,2019,11,70,11,0,1,0,11,70,3,0,0,0,3,11,70,70,11,3,0,0,0
2019-03-12,7010,2019,12,71,11,0,1,1,12,71,3,0,0,0,3,12,71,71,12,3,0,0,0
2019-03-13,7011,2019,13,72,11,0,1,2,13,72,3,0,0,0,3,13,72,72,13,3,0,0,0
2019-03-14,7012,2019,14,73,11,0,1,3,14,73,3,0,0,0,3,14,73,73,14,3,0,0,0
2019-03-15,7013,2019,15,74,11,0,1,4,15,74,3,0,0,0,3,15,74,74,15,3,0,0,0
2019-03-16,7014,2019,16,75,11,0,0,5,16,75,3,0,0,0,3,16,75,75,16,3,0,0,0
2019-03-17,7015,2019,17,76,11,0,0,6,17,76,3,0,0,0,3,17,76,76,17,3,0,0,0
2019-03-18,7016,2019,18,77,12,0,1,0,18,77,3,0,0,0,3,18,77,77,18,3,0,0,0
2019-03-19,7017,2019,19,78,12,0,1,1,19,78,3,0,0,0,3,19,78,78,19,3,0,0,0
2019-03-20,7018,2019,20,79,12,0,1,2,20,79,3,0,0,0,3,20,79,79,20,3,0,0,0
2019-03-21,7019,2019,21,80,12,0,1,3,21,80,3,0,0,0,3,21,80,80,21,3,0,0,0
2019-03-22,7020,2019,22,81,12,0,1,4,22,81,3,0,0,0,3,22,81,81,22,3,0,0,0
2019-03-23,7021,2019,23,82,12,0,0,5,23,82,3,0,0,0,3,23,82,82,23,3,0,0,0
2019-03-24,7022,2019,24,83,12,0,0,6,24,83,3,0,0,0,3,24,83,83,24,3,0,0,0
2019-03-25,7023,2019,25,84,13,0,1,0,25,84,3,0,0,0,3,25,84,84,25,3,0,0,0
2019-03-26,7024,2019,26,85,13,0,1,1,26,85,3,0,0,0,3,26,85,85,26,3,0,0,0
2019-03-27,7025,2019,27,86,13,0,1,2,27,86,3,0,0,0,3,27,86,86,27,3,0,0,0
2019-03-28,7026,2019,28,87,13,0,1,3,28,87,3,0,0,0,3,28,87,87,28,3,0,0,0
2019-03-29,7027,2019,29,88,13,0,1,4,29,88,3,0,0,0,3,29,88,88,29,3,0,0,0
2019-03-30,7028,2019,30,89,13,0,0,5,30,89,3,0,0,0,3,30,89,89,30,3,0,0,0
2019-03-31,7029,2019,31,90,13,0,0,6,31,90,3,0,0,0,3,31,90,90,31,3,0,0,0
2019-04-01,7030,2019,1,91,14,0,1,0,1,91,4,0,0,0,4,1,91,91,1,4,0,0,0
2019-04-02,7031,2019,2,92,14,0,1,1,2,92,4,0,0,0,4,2,92,92,2,4,0,0,0
2019-04-03,7032,2019,3,93,14,0,1,2,3,93,4,0,0,0,4,3,93,93,3,4,0,0,0
2019-04-04,7033,2019,4,94,14,0,1,3,4,94,4,0,0,0,4,4,94,94,4,4,0,0,0
2019-04-05,7034,2019,5,95,14,0,1,4,5,95,4,0,0,0,4,5,95,95,5,4,0,0,0
2019-04-06,7035,2019,6,96,14,0,0,5,6,96,4,0,0,0,4,6,96,96,6,4,0,0,0
2019-04-07,7036,2019,7,97,14,0,0,6,7,97,4,0,0,0,4,7,97,97,7,4,0,0,0
2019-04-08,7037,2019,8,98,15,0,1,0,8,98,4,0,0,0,4,8,98,98,8,4,0,0,0
2019-04-09,7038,2019,9,99,15,0,1,1,9,99,4,0,0,0,4,9,99,99,9,4,0,0,0
2019-04-10,7039,2019,10,100,15,0,1,2,10,100,4,0,0,0,4,10,100,100,10,4,0,0,0
2019-04-11,7040,2019,11,101,15,0,1,3,11,101,4,0,0,0,4,11,101,101,11,4,0,0,0
2019-04-12,7041,2019,12,102,15,0,1,4,12,102,4,0,0,0,4,12,102,102,12,4,0,0,0
2019-04-13,7042,2019,13,103,15,0,0,5,13,103,4,0,0,0,4,13,103,103,13,4,0,0,0
2019-04-14,7043,2019,14,104,15,0,0,6,14,104,4,0,0,0,4,14,104,104,14,4,0,0,0
2019-04-15,7044,2019,15,105,16,0,1,0,15,105,4,0,0,0,4,15,105,105,15,4,0,0,0
2019-04-16,7045,2019,16,106,16,0,1,1,16,106,4,0,0,0,4,16,106,106,16,4,0,0,0
2019-04-17,7046,2019,17,107,16,0,1,2,17,107,4,0,0,0,4,17,107,107,17,4,0,0,0
2019-04-18,7047,2019,18,108,16,0,1,3,18,108,4,0,0,0,4,18,108,108,18,4,0,0,0
2019-04-19,7048,2019,19,109,16,0,1,4,19,109,4,0,0,0,4,19,109,109,19,4,0,0,0
2019-04-20,7049,2019,20,110,16,0,0,5,20,110,4,0,0,0,4,20,110,110,20,4,0,0,0
2019-04-21,7050,2019,21,111,16,0,0,6,21,111,4,0,0,0,4,21,111,111,21,4,0,0,0
2019-04-22,7051,2019,22,112,17,0,1,0,22,112,4,0,0,0,4,22,112,112,22,4,0,0,0
2019-04-23,7052,2019,23,113,17,0,1,1,23,113,4,0,0,0,4,23,113,113,23,4,0,0,0
2019-04-24,7053,2019,24,114,17,0,1,2,24,114,4,0,0,0,4,24,114,114,24,4,0,0,0
2019-04-25,7054,2019,25,115,17,0,1,3,25,115,4,0,0,0,4,25,115,115,25,4,0,0,0
2019-04-26,7055,2019,26,116,17,0,1,4,26,116,4,0,0,0,4,26,116,116,26,4,0,0,0
2019-04-27,7056,2019,27,117,17,0,0,5,27,117,4,0,0,0,4,27,117,117,27,4,0,0,0
2019-04-28,7057,2019,28,118,17,0,0,6,28,118,4,0,0,0,4,28,118,118,28,4,0,0,0
2019-04-29,7058,2019,29,119,18,0,1,0,29,119,4,0,0,0,4,29,119,119,29,4,0,0,0
2019-04-30,7059,2019,30,120,18,0,1,1,30,120,4,0,0,0,4,30,120,120,30,4,0,0,0
2019-05-01,7060,2019,1,121,18,0,1,2,1,121,5,0,0,0,5,1,121,121,1,5,0,0,0
2019-05-02,7061,2019,2,122,18,0,1,3,2,122,5,0,0,0,5,2,122,122,2,5,0,0,0
2019-05-03,7062,2019,3,123,18,0,1,4,3,123,5,0,0,0,5,3,123,123,3,5,0,0,0
2019-05-04,7063,2019,4,124,18,0,0,5,4,124,5,0,0,0,5,4,124,124,4,5,0,0,0
2019-05-05,7064,2019,5,125,18,0,0,6,5,125,5,0,0,0,5,5,125,125,5,5,0,0,0
2019-05-06,7065,2019,6,126,19,0,1,0,6,126,5,0,0,0,5,6,126,126,6,5,0,0,0
2019-05-07,7066,2019,7,127,19,0,1,1,7,127,5,0,0,0,5,7,127,127,7,5,0,0,0
2019-05-08,7067,2019,8,128,19,0,1,2,8,128,5,0,0,0,5,8,128,128,8,5,0,0,0
2019-05-09,7068,2019,9,129,19,0,1,3,9,129,5,0,0,0,5,9,129,129,9,5,0,0,0
2019-05-10,7069,2019,10,130,19,0,1,4,10,130,5,0,0,0,5,10,130,130,10,5,0,0,0
2019-05-11,7070,2019,11,131,19,0,0,5,11,131,5,0,0,0,5,11,131,131,11,5,0,0,0
2019-05-12,7071,2019,12,132,19,0,0,6,12,132,5,0,0,0,5,12,132,132,12,5,0,0,0
2019-05-13,7072,2019,13,133,20,0,1,0,13,133,5,0,0,0,5,13,133,133,13,5,0,0,0
2019-05-14,7073,2019,14,134,20,0,1,1,14,134,5,0,0,0,5,14,134,134,14,5,0,0,0
2019-05-15,7074,2019,15,135,20,0,1,2,15,135,5,0,0,0,5,15,135,135,15,5,0,0,0
2019-05-16,7075,2019,16,136,20,0,1,3,16,136,5,0,0,0,5,16,136,136,16,5,0,0,0
2019-05-17,7076,2019,17,137,20,0,1,4,17,137,5,0,0,0,5,17,137,137,17,5,0,0,0
2019-05-18,7077,2019,18,138,20,0,0,5,18,138,5,0,0,0,5,18,138,138,18,5,0,0,0
2019-05-19,7078,2019,19,139,20,0,0,6,19,139,5,0,0,0,5,19,139,139,19,5,0,0,0
2019-05-20,7079,2019,20,140,21,0,1,0,20,140,5,0,0,0,5,20,140,140,20,5,0,0,0
2019-05-21,7080,2019,21,141,21,0,1,1,21,141,5,0,0,0,5,21,141,141,21,5,0,0,0
2019-05-22,7081,2019,22,142,21,0,1,2,22,142,5,0,0,0,5,22,142,142,22,5,0,0,0
2019-05-23,7082,2019,23,143,21,0,1,3,23,143,5,0,0,0,5,23,143,143,23,5,0,0,0
2019-05-24,7083,2019,24,144,21,0,1,4,24,144,5,0,0,0,5,24,144,144,24,5,0,0,0
2019-05-25,7084,2019,25,145,21,0,0,5,25,145,5,0,0,0,5,25,145,145,25,5,0,0,0
2019-05-26,7085,2019,26,146,21,0,0,6,26,146,5,0,0,0,5,26,146,146,26,5,0,0,0
2019-05-27,7086,2019,27,147,22,0,1,0,27,147,5,0,0,0,5,27,147,147,27,5,0,0,0
2019-05-28,7087,2019,28,148,22,0,1,1,28,148,5,0,0,0,5,28,148,148,28,5,0,0,0
2019-05-29,7088,2019,29,149,22,0,1,2,29,149,5,0,0,0,5,29,149,149,29,5,0,0,0
2019-05-30,7089,2019,30,150,22,0,1,3,30,150,5,0,0,0,5,30,150,150,30,5,0,0,0
2019-05-31,7090,2019,31,151,22,0,1,4,31,151,5,0,0,0,5,31,151,151,31,5,0,0,0
2019-06-01,7091,2019,1,152,22,0,0,5,1,152,6,0,0,0,6,1,152,152,1,6,0,0,0
2019-06-02,7092,2019,2,153,22,0,0,6,2,153,6,0,0,0,6,2,153,153,2,6,0,0,0
2019-06-03,7093,2019,3,154,23,0,1,0,3,154,6,0,0,0,6,3,154,154,3,6,0,0,0
2019-06-04,7094,2019,4,155,23,0,1,1,4,155,6,0,0,0,6,4,155,155,4,6,0,0,0
2019-06-05,7095,2019,5,156,23,0,1,2,5,156,6,0,0,0,6,5,156,156,5,6,0,0,0
2019-06-06,7096,2019,6,157,23,0,1,3,6,157,6,0,0,0,6,6,157,157,6,6,0,0,0
2019-06-07,7097,2019,7,158,23,0,1,4,7,158,6,0,0,0,6,7,158,158,7,6,0,0,0
2019-06-08,7098,2019,8,159,23,0,0,5,8,159,6,0,0,0,6,8,159,159,8,6,0,0,0
2019-06-09,7099,2019,9,160,23,0,0,6,9,160,6,0,0,0,6,9,160,160,9,6,0,0,0
2019-06-10,7100,2019,10,161,24,0,1,0,10,161,6,0,0,0,6,10,161,161,10,6,0,0,0
2019-06-11,7101,2019,11,162,24,0,1,1,11,162,6,0,0,0,6,11,162,162,11,6,0,0,0
2019-06-12,7102,2019,12,163,24,0,1,2,12,163,6,0,0,0,6,12,163,163,12,6,0,0,0
2019-06-13,7103,2019,13,164,24,0,1,3,13,164,6,0,0,0,6,13,164,164,13,6,0,0,0
2019-06-14,7104,2019,14,165,24,0,1,4,14,165,6,0,0,0,6,14,165,165,14,6,0,0,0
2019-06-15,7105,2019,15,166,24,0,0,5,15,166,6,0,0,0,6,15,166,166,15,6,0,0,0
2019-06-16,7106,2019,16,167,24,0,0,6,16,167,6,0,0,0,6,16,167,167,16,6,0,0,0
2019-06-17,7107,2019,17,168,25,0,1,0,17,168,6,0,0,0,6,17,168,168,17,6,0,0,0
2019-06-18,7108,2019,18,169,25,0,1,1,18,169,6,0,0,0,6,18,169,169,18,6,0,0,0
2019-06-19,7109,2019,19,170,25,0,1,2,19,170,6,0,0,0,6,19,170,170,19,6,0,0,0
2019-06-20,7110,2019,20,171,25,0,1,3,20,171,6,0,0,0,6,20,171,171,20,6,0,0,0
2019-06-21,7111,2019,21,172,25,0,1,4,21,172,6,0,0,0,6,21,172,172,21,6,0,0,0
2019-06-22,7112,2019,22,173,25,0,0,5,22,173,6,0,0,0,6,22,173,173,22,6,0,0,0
2019-06-23,7113,2019,23,174,25,0,0,6,23,174,6,0,0,0,6,23,174,174,23,6,0,0,0
2019-06-24,7114,2019,24,175,26,0,1,0,24,175,6,0,0,0,6,24,175,175,24,6,0,0,0
2019-06-25,7115,2019,25,176,26,0,1,1,25,176,6,0,0,0,6,25,176,176,25,6,0,0,0
2019-06-26,7116,2019,26,177,26,0,1,2,26,177,6,0,0,0,6,26,177,177,26,6,0,0,0
2019-06-27,7117,2019,27,178,26,0,1,3,27,178,6,0,0,0,6,27,178,178,27,6,0,0,0
2019-06-28,7118,2019,28,179,26,0,1,4,28,179,6,0,0,0,6,28,179,179,28,6,0,0,0
2019-06-29,7119,2019,29,180,26,0,0,5,29,180,6,0,0,0,6,29,180,180,29,6,0,0,0
2019-06-30,7120,2019,30,181,26,0,0,6,30,181,6,0,0,0,6,30,181,181,30,6,0,0,0
2019-07-01,7121,2019,1,182,27,0,1,0,1,182,7,0,0,0,7,1,182,182,1,7,0,0,0
2019-07-02,7122,2019,2,183,27,0,1,1,2,183,7,0,0,0,7,2,183,183,2,7,0,0,0
2019-07-03,7123,2019,3,184,27,0,1,2,3,184,7,0,0,0,7,3,184,184,3,7,0,0,0
2019-07-04,7124,2019,4,185,27,0,1,3,4,185,7,0,0,0,7,4,185,185,4,7,0,0,0
2019-07-05,7125,2019,5,186,27,0,1,4,5,186,7,0,0,0,7,5,186,186,5,7,0,0,0
2019-07-06,7126,2019,6,187,27,0,0,5,6,187,7,0,0,0,7,6,187,187,6,7,0,0,0
2019-07-07,7127,2019,7,188,27,0,0,6,7,188,7,0,0,0,7,7,188,188,7,7,0,0,0
2019-07-08,7128,2019,8,189,28,0,1,0,8,189,7,0,0,0,7,8,189,189,8,7,0,0,0
2019-07-09,7129,2019,9,190,28,0,1,1,9,190,7,0,0,0,7,9,190,190,9,7,0,0,0
2019-07-10,7130,2019,10,191,28,0,1,2,10,191,7,0,0,0,7,10,191,191,10,7,0,0,0
2019-07-11,7131,2019,11,192,28,0,1,3,11,192,7,0,0,0,7,11,192,192,11,7,0,0,0
2019-07-12,7132,2019,12,193,28,0,1,4,12,193,7,0,0,0,7,12,193,193,12,7,0,0,0
2019-07-13,7133,2019,13,194,28,0,0,5,13,194,7,0,0,0,7,13,194,194,13,7,0,0,0
2019-07-14,7134,2019,14,195,28,0,0,6,14,195,7,0,0,0,7,14,195,195,14,7,0,0,0
2019-07-15,7135,2019,15,196,29,0,1,0,15,196,7,0,0,0,7,15,196,196,15,7,0,0,0
2019-07-16,7136,2019,16,197,29,0,1,1,16,197,7,0,0,0,7,16,197,197,16,7,0,0,0
2019-07-17,7137,2019,17,198,29,0,1,2,17,198,7,0,0,0,7,17,198,198,17,7,0,0,0
2019-07-18,7138,2019,18,199,29,0,1,3,18,199,7,0,0,0,7,18,199,199,18,7,0,0,0
2019-07-19,7139,2019,19,200,29,0,1,4,19,200,7,0,0,0,7,19,200,200,19,7,0,0,0
2019-07-20,7140,2019,20,201,29,0,0,5,20,201,7,0,0,0,7,20,201,201,20,7,0,0,0
2019-07-21,7141,2019,21,202,29,0,0,6,21,202,7,0,0,0,7,21,202,202,21,7,0,0,0
2019-07-22,7142,2019,22,203,30,0,1,0,22,203,7,0,0,0,7,22,203,203,22,7,0,0,0
2019-07-23,7143,2019,23,204,30,0,1,1,23,204,7,0,0,0,7,23,204,204,23,7,0,0,0
2019-07-24,7144,2019,24,205,30,0,1,2,24,205,7,0,0,0,7,24,205,205,24,7,0,0,0
2019-07-25,7145,2019,25,206,30,0,1,3,25,206,7,0,0,0,7,25,206,206,25,7,0,0,0
2019-07-26,7146,2019,26,207,30,0,1,4,26,207,7,0,0,0,7,26,207,207,26,7,0,0,0
2019-07-27,7147,2019,27,208,30,0,0,5,27,208,7,0,0,0,7,27,208,208,27,7,0,0,0
2019-07-28,7148,2019,28,209,30,0,0,6,28,209,7,0,0,0,7,28,209,209,28,7,0,0,0
2019-07-29,7149,2019,29,210,31,0,1,0,29,210,7,0,0,0,7,29,210,210,29,7,0,0,0
2019-07-30,7150,2019,30,211,31,0,1,1,30,211,7,0,0,0,7,30,211,211,30,7,0,0,0
2019-07-31,7151,2019,31,212,31,0,1,2,31,212,7,0,0,0,7,31,212,212,31,7,0,0,0
2019-08-01,7152,2019,1,213,31,0,1,3,1,213,8,0,0,0,8,1,213,213,1,8,0,0,0
2019-08-02,7153,2019,2,214,31,0,1,4,2,214,8,0,0,0,8,2,214,214,2,8,0,0,0
2019-08-03,7154,2019,3,215,31,0,0,5,3,215,8,0,0,0,8,3,215,215,3,8,0,0,0
2019-08-04,7155,2019,4,216,31,0,0,6,4,216,8,0,0,0,8,4,216,216,4,8,0,0,0
2019-08-05,7156,2019,5,217,32,0,1,0,5,217,8,0,0,0,8,5,217,217,5,8,0,0,0
2019-08-06,7157,2019,6,218,32,0,1,1,6,218,8,0,0,0,8,6,218,218,6,8,0,0,0
2019-08-07,7158,2019,7,219,32,0,1,2,7,219,8,0,0,0,8,7,219,219,7,8,0,0,0
2019-08-08,7159,2019,8,220,32,0,1,3,8,220,8,0,0,0,8,8,220,220,8,8,0,0,0
2019-08-09,7160,2019,9,221,32,0,1,4,9,221,8,0,0,0,8,9,221,221,9,8,0,0,0
2019-08-10,7161,2019,10,222,32,0,0,5,10,222,8,0,0,0,8,10,222,222,10,8,0,0,0
2019-08-11,7162,2019,11,223,32,0,0,6,11,223,8,0,0,0,8,11,223,223,11,8,0,0,0
2019-08-12,7163,2019,12,224,33,0,1,0,12,224,8,0,0,0,8,12,224,224,12,8,0,0,0
2019-08-13,7164,2019,13,225,33,0,1,1,13,225,8,0,0,0,8,13,225,225,13,8,0,0,0
2019-08-14,7165,2019,14,226,33,0,1,2,14,226,8,0,0,0,8,14,226,226,14,8,0,0,0
2019-08-15,7166,2019,15,227,33,1,1,3,15,227,8,0,0,0,8,15,227,227,15,8,0,0,0
2019-08-16,7167,2019,16,228,33,0,1,4,16,228,8,0,0,0,8,16,228,228,16,8,0,0,0
2019-08-17,7168,2019,17,229,33,0,0,5,17,229,8,0,0,0,8,17,229,229,17,8,0,0,0
2019-08-18,7169,2019,18,230,33,0,0,6,18,230,8,0,0,0,8,18,230,230,18,8,0,0,0
2019-08-19,7170,2019,19,231,34,0,1,0,19,231,8,0,0,0,8,19,231,231,19,8,0,0,0
2019-08-20,7171,2019,20,232,34,0,1,1,20,232,8,0,0,0,8,20,232,232,20,8,0,0,0
2019-08-21,7172,2019,21,233,34,0,1,2,21,233,8,0,0,0,8,21,233,233,21,8,0,0,0
2019-08-22,7173,2019,22,234,34,0,1,3,22,234,8,0,0,0,8,22,234,234,22,8,0,0,0
2019-08-23,7174,2019,23,235,34,0,1,4,23,235,8,0,0,0,8,23,235,235,23,8,0,0,0
2019-08-24,7175,2019,24,236,34,0,0,5,24,236,8,0,0,0,8,24,236,236,24,8,0,0,0
2019-08-25,7176,2019,25,237,34,0,0,6,25,237,8,0,0,0,8,25,237,237,25,8,0,0,0
2019-08-26,7177,2019,26,238,35,0,1,0,26,238,8,0,0,0,8,26,238,238,26,8,0,0,0
2019-08-27,7178,2019,27,239,35,0,1,1,27,239,8,0,0,0,8,27,239,239,27,8,0,0,0
2019-08-28,7179,2019,28,240,35,0,1,2,28,240,8,0,0,0,8,28,240,240,28,8,0,0,0
2019-08-29,7180,2019,29,241,35,0,1,3,29,241,8,0,0,0,8,29,241,241,29,8,0,0,0
2019-08-30,7181,2019,30,242,35,0,1,4,30,242,8,0,0,0,8,30,242,242,30,8,0,0,0
2019-08-31,7182,2019,31,243,35,0,0,5,31,243,8,0,0,0,8,31,243,243,31,8,0,0,0
2019-09-01,7183,2019,1,244,35,0,0,6,1,244,9,0,0,0,9,1,244,244,1,9,0,0,0
2019-09-02,7184,2019,2,245,36,0,1,0,2,245,9,0,0,0,9,2,245,245,2,9,0,0,0
2019-09-03,7185,2019,3,246,36,0,1,1,3,246,9,0,0,0,9,3,246,246,3,9,0,0,0
2019-09-04,7186,2019,4,247,36,0,1,2,4,247,9,0,0,0,9,4,247,247,4,9,0,0,0
2019-09-05,7187,2019,5,248,36,0,1,3,5,248,9,0,0,0,9,5,248,248,5,9,0,0,0
2019-09-06,7188,2019,6,249,36,0,1,4,6,249,9,0,0,0,9,6,249,249,6,9,0,0,0
2019-09-07,7189,2019,7,250,36,0,0,5,7,250,9,0,0,0,9,7,250,250,7,9,0,0,0
2019-09-08,7190,2019,8,251,36,0,0,6,8,251,9,0,0,0,9,8,251,251,8,9,0,0,0
2019-09-09,7191,2019,9,252,37,0,1,0,9,252,9,0,0,0,9,9,252,252,9,9,0,0,0
2019-09-10,7192,2019,10,253,37,0,1,1,10,253,9,0,0,0,9,10,253,253,10,9,0,0,0
2019-09-11,7193,2019,11,254,37,0,1,2,11,254,9,0,0,0,9,11,254,254,11,9,0,0,0
2019-09-12,7194,2019,12,255,37,0,1,3,12,255,9,0,0,0,9,12,255,255,12,9,0,0,0
2019-09-13,7195,2019,13,256,37,0,1,4,13,256,9,0,0,0,9,13,256,256,13,9,0,0,0
2019-09-14,7196,2019,14,257,37,0,0,5,14,257,9,0,0,0,9,14,257,257,14,9,0,0,0
2019-09-15,7197,2019,15,258,37,0,0,6,15,258,9,0,0,0,9,15,258,258,15,9,0,0,0
2019-09-16,7198,2019,16,259,38,0,1,0,16,259,9,0,0,0,9,16,259,259,16,9,0,0,0
2019-09-17,7199,2019,17,260,38,0,1,1,17,260,9,0,0,0,9,17,260,260,17,9,0,0,0
2019-09-18,7200,2019,18,261,38,0,1,2,18,261,9,0,0,0,9,18,261,261,18,9,0,0,0
2019-09-19,7201,2019,19,262,38,0,1,3,19,262,9,0,0,0,9,19,262,262,19,9,0,0,0
2019-09-20,7202,2019,20,263,38,0,1,4,20,263,9,0,0,0,9,20,263,263,20,9,0,0,0
2019-09-21,7203,2019,21,264,38,0,0,5,21,264,9,0,0,0,9,21,264,264,21,9,0,0,0
2019-09-22,7204,2019,22,265,38,0,0,6,22,265,9,0,0,0,9,22,265,265,22,9,0,0,0
2019-09-23,7205,2019,23,266,39,0,1,0,23,266,9,0,0,0,9,23,266,266,23,9,0,0,0
2019-09-24,7206,2019,24,267,39,0,1,1,24,267,9,0,0,0,9,24,267,267,24,9,0,0,0
2019-09-25,7207,2019,25,268,39,0,1,2,25,268,9,0,0,0,9,25,268,268,25,9,0,0,0
2019-09-26,7208,2019,26,269,39,0,1,3,26,269,9,0,0,0,9,26,269,269,26,9,0,0,0
2019-09-27,7209,2019,27,270,39,0,1,4,27,270,9,0,0,0,9,27,270,270,27,9,0,0,0
2019-09-28,7210,2019,28,271,39,0,0,5,28,271,9,0,0,0,9,28,271,271,28,9,0,0,0
2019-09-29,7211,2019,29,272,39,0,0,6,29,272,9,0,0,0,9,29,272,272,29,9,0,0,0
2019-09-30,7212,2019,30,273,40,0,1,0,30,273,9,0,0,0,9,30,273,273,30,9,0,0,0
2019-10-01,7213,2019,1,274,40,0,1,1,1,274,10,0,0,0,10,1,274,274,1,10,0,0,0
2019-10-02,7214,2019,2,275,40,1,1,2,2,275,10,0,0,0,10,2,275,275,2,10,0,0,0
2019-10-03,7215,2019,3,276,40,0,1,3,3,276,10,0,0,0,10,3,276,276,3,10,0,0,0
2019-10-04,7216,2019,4,277,40,0,1,4,4,277,10,0,0,0,10,4,277,277,4,10,0,0,0
2019-10-05,7217,2019,5,278,40,0,0,5,5,278,10,0,0,0,10,5,278,278,5,10,0,0,0
2019-10-06,7218,2019,6,279,40,0,0,6,6,279,10,0,0,0,10,6,279,279,6,10,0,0,0
2019-10-07,7219,2019,7,280,41,0,1,0,7,280,10,0,0,0,10,7,280,280,7,10,0,0,0
2019-10-08,7220,2019,8,281,41,0,1,1,8,281,10,0,0,0,10,8,281,281,8,10,0,0,0
2019-10-09,7221,2019,9,282,41,0,1,2,9,282,10,0,0,0,10,9,282,282,9,10,0,0,0
2019-10-10,7222,2019,10,283,41,0,1,3,10,283,10,0,0,0,10,10,283,283,10,10,0,0,0
2019-10-11,7223,2019,11,284,41,0,1,4,11,284,10,0,0,0,10,11,284,284,11,10,0,0,0
2019-10-12,7224,2019,12,285,41,0,0,5,12,285,10,0,0,0,10,12,285,285,12,10,0,0,0
2019-10-13,7225,2019,13,286,41,0,0,6,13,286,10,0,0,0,10,13,286,286,13,10,0,0,0
2019-10-14,7226,2019,14,287,42,0,1,0,14,287,10,0,0,0,10,14,287,287,14,10,0,0,0
2019-10-15,7227,2019,15,288,42,0,1,1,15,288,10,0,0,0,10,15,288,288,15,10,0,0,0
2019-10-16,7228,2019,16,289,42,0,1,2,16,289,10,0,0,0,10,16,289,289,16,10,0,0,0
2019-10-17,7229,2019,17,290,42,0,1,3,17,290,10,0,0,0,10,17,290,290,17,10,0,0,0
2019-10-18,7230,2019,18,291,42,0,1,4,18,291,10,0,0,0,10,18,291,291,18,10,0,0,0
2019-10-19,7231,2019,19,292,42,0,0,5,19,292,10,0,0,0,10,19,292,292,19,10,0,0,0
2019-10-20,7232,2019,20,293,42,0,0,6,20,293,10,0,0,0,10,20,293,293,20,10,0,0,0
2019-10-21,7233,2019,21,294,43,0,1,0,21,294,10,0,0,0,10,21,294,294,21,10,0,0,0
2019-10-22,7234,2019,22,295,43,0,1,1,22,295,10,0,0,0,10,22,295,295,22,10,0,0,0
2019-10-23,7235,2019,23,296,43,0,1,2,23,296,10,0,0,0,10,23,296,296,23,10,0,0,0
2019-10-24,7236,2019,24,297,43,1,1,3,24,297,10,0,0,0,10,24,297,297,24,10,0,0,0
2019-10-25,7237,2019,25,298,43,0,1,4,25,298,10,0,0,0,10,25,298,298,25,10,0,0,0
2019-10-26,7238,2019,26,299,43,0,0,5,26,299,10,0,0,0,10,26,299,299,26,10,0,0,0
2019-10-27,7239,2019,27,300,43,0,0,6,27,300,10,0,0,0,10,27,300,300,27,10,0,0,0
2019-10-28,7240,2019,28,301,44,0,1,0,28,301,10,0,0,0,10,28,301,301,28,10,0,0,0
2019-10-29,7241,2019,29,302,44,0,1,1,29,302,10,0,0,0,10,29,302,302,29,10,0,0,0
2019-10-30,7242,2019,30,303,44,0,1,2,30,303,10,0,0,0,10,30,303,303,30,10,0,0,0
2019-10-31,7243,2019,31,304,44,0,1,3,31,304,10,0,0,0,10,31,304,304,31,10,0,0,0
2019-11-01,7244,2019,1,305,44,0,1,4,1,305,11,0,0,0,11,1,305,305,1,11,0,0,0
2019-11-02,7245,2019,2,306,44,0,0,5,2,306,11,0,0,0,11,2,306,306,2,11,0,0,0
2019-11-03,7246,2019,3,307,44,0,0,6,3,307,11,0,0,0,11,3,307,307,3,11,0,0,0
2019-11-04,7247,2019,4,308,45,0,1,0,4,308,11,0,0,0,11,4,308,308,4,11,0,0,0
2019-11-05,7248,2019,5,309,45,0,1,1,5,309,11,0,0,0,11,5,309,309,5,11,0,0,0
2019-11-06,7249,2019,6,310,45,0,1,2,6,310,11,0,0,0,11,6,310,310,6,11,0,0,0
2019-11-07,7250,2019,7,311,45,0,1,3,7,311,11,0,0,0,11,7,311,311,7,11,0,0,0
2019-11-08,7251,2019,8,312,45,0,1,4,8,312,11,0,0,0,11,8,312,312,8,11,0,0,0
2019-11-09,7252,2019,9,313,45,0,0,5,9,313,11,0,0,0,11,9,313,313,9,11,0,0,0
2019-11-10,7253,2019,10,314,45,0,0,6,10,314,11,0,0,0,11,10,314,314,10,11,0,0,0
2019-11-11,7254,2019,11,315,46,0,1,0,11,315,11,0,0,0,11,11,315,315,11,11,0,0,0
2019-11-12,7255,2019,12,316,46,0,1,1,12,316,11,0,0,0,11,12,316,316,12,11,0,0,0
2019-11-13,7256,2019,13,317,46,0,1,2,13,317,11,0,0,0,11,13,317,317,13,11,0,0,0
2019-11-14,7257,2019,14,318,46,1,1,3,14,318,11,0,0,0,11,14,318,318,14,11,0,0,0
2019-11-15,7258,2019,15,319,46,0,1,4,15,319,11,0,0,0,11,15,319,319,15,11,0,0,0
2019-11-16,7259,2019,16,320,46,0,0,5,16,320,11,0,0,0,11,16,320,320,16,11,0,0,0
2019-11-17,7260,2019,17,321,46,0,0,6,17,321,11,0,0,0,11,17,321,321,17,11,0,0,0
2019-11-18,7261,2019,18,322,47,0,1,0,18,322,11,0,0,0,11,18,322,322,18,11,0,0,0
2019-11-19,7262,2019,19,323,47,0,1,1,19,323,11,0,0,0,11,19,323,323,19,11,0,0,0
2019-11-20,7263,2019,20,324,47,0,1,2,20,324,11,0,0,0,11,20,324,324,20,11,0,0,0
2019-11-21,7264,2019,21,325,47,0,1,3,21,325,11,0,0,0,11,21,325,325,21,11,0,0,0
2019-11-22,7265,2019,22,326,47,0,1,4,22,326,11,0,0,0,11,22,326,326,22,11,0,0,0
2019-11-23,7266,2019,23,327,47,0,0,5,23,327,11,0,0,0,11,23,327,327,23,11,0,0,0
2019-11-24,7267,2019,24,328,47,0,0,6,24,328,11,0,0,0,11,24,328,328,24,11,0,0,0
2019-11-25,7268,2019,25,329,48,0,1,0,25,329,11,0,0,0,11,25,329,329,25,11,0,0,0
2019-11-26,7269,2019,26,330,48,0,1,1,26,330,11,0,0,0,11,26,330,330,26,11,0,0,0
2019-11-27,7270,2019,27,331,48,0,1,2,27,331,11,0,0,0,11,27,331,331,27,11,0,0,0
2019-11-28,7271,2019,28,332,48,0,1,3,28,332,11,0,0,0,11,28,332,332,28,11,0,0,0
2019-11-29,7272,2019,29,333,48,0,1,4,29,333,11,0,0,0,11,29,333,333,29,11,0,0,0
2019-11-30,7273,2019,30,334,48,0,0,5,30,334,11,0,0,0,11,30,334,334,30,11,0,0,0
2019-12-01,7274,2019,1,335,48,0,0,6,1,335,12,0,0,0,12,1,335,335,1,12,0,0,0
2019-12-02,7275,2019,2,336,49,0,1,0,2,336,12,0,0,0,12,2,336,336,2,12,0,0,0
2019-12-03,7276,2019,3,337,49,0,1,1,3,337,12,0,0,0,12,3,337,337,3,12,0,0,0
2019-12-04,7277,2019,4,338,49,0,1,2,4,338,12,0,0,0,12,4,338,338,4,12,0,0,0
2019-12-05,7278,2019,5,339,49,0,1,3,5,339,12,0,0,0,12,5,339,339,5,12,0,0,0
2019-12-06,7279,2019,6,340,49,0,1,4,6,340,12,0,0,0,12,6,340,340,6,12,0,0,0
2019-12-07,7280,2019,7,341,49,0,0,5,7,341,12,0,0,0,12,7,341,341,7,12,0,0,0
2019-12-08,7281,2019,8,342,49,0,0,6,8,342,12,0,0,0,12,8,342,342,8,12,0,0,0
2019-12-09,7282,2019,9,343,50,0,1,0,9,343,12,0,0,0,12,9,343,343,9,12,0,0,0
2019-12-10,7283,2019,10,344,50,0,1,1,10,344,12,0,0,0,12,10,344,344,10,12,0,0,0
2019-12-11,7284,2019,11,345,50,0,1,2,11,345,12,0,0,0,12,11,345,345,11,12,0,0,0
2019-12-12,7285,2019,12,346,50,0,1,3,12,346,12,0,0,0,12,12,346,346,12,12,0,0,0
2019-12-13,7286,2019,13,347,50,0,1,4,13,347,12,0,0,0,12,13,347,347,13,12,0,0,0
2019-12-14,7287,2019,14,348,50,0,0,5,14,348,12,0,0,0,12,14,348,348,14,12,0,0,0
2019-12-15,7288,2019,15,349,50,0,0,6,15,349,12,0,0,0,12,15,349,349,15,12,0,0,0
2019-12-16,7289,2019,16,350,51,0,1,0,16,350,12,0,0,0,12,16,350,350,16,12,0,0,0
2019-12-17,7290,2019,17,351,51,0,1,1,17,351,12,0,0,0,12,17,351,351,17,12,0,0,0
2019-12-18,7291,2019,18,352,51,0,1,2,18,352,12,0,0,0,12,18,352,352,18,12,0,0,0
2019-12-19,7292,2019,19,353,51,0,1,3,19,353,12,0,0,0,12,19,353,353,19,12,0,0,0
2019-12-20,7293,2019,20,354,51,0,1,4,20,354,12,0,0,0,12,20,354,354,20,12,0,0,0
2019-12-21,7294,2019,21,355,51,0,0,5,21,355,12,0,0,0,12,21,355,355,21,12,0,0,0
2019-12-22,7295,2019,22,356,51,0,0,6,22,356,12,0,0,0,12,22,356,356,22,12,0,0,0
2019-12-23,7296,2019,23,357,52,0,1,0,23,357,12,0,0,0,12,23,357,357,23,12,0,0,0
2019-12-24,7297,2019,24,358,52,0,1,1,24,358,12,0,0,0,12,24,358,358,24,12,0,0,0
2019-12-25,7298,2019,25,359,52,1,1,2,25,359,12,0,0,0,12,25,359,359,25,12,0,0,0
2019-12-26,7299,2019,26,360,52,0,1,3,26,360,12,0,0,0,12,26,360,360,26,12,0,0,0
2019-12-27,7300,2019,27,361,52,0,1,4,27,361,12,0,0,0,12,27,361,361,27,12,0,0,0
2019-12-28,7301,2019,28,362,52,0,0,5,28,362,12,0,0,0,12,28,362,362,28,12,0,0,0
2019-12-29,7302,2019,29,363,52,0,0,6,29,363,12,0,0,0,12,29,363,363,29,12,0,0,0
2019-12-30,7303,2019,30,364,1,0,1,0,30,364,12,0,0,0,12,30,364,364,30,12,0,0,0
2019-12-31,7304,2019,31,365,1,0,1,1,31,365,12,0,0,0,12,31,365,365,31,12,0,0,0
2020-01-01,7305,2020,1,1,1,1,1,2,1,1,1,0,0,0,1,1,1,1,1,1,0,0,0
2020-01-02,7306,2020,2,2,1,0,1,3,2,2,1,0,0,0,1,2,2,2,2,1,0,0,0
2020-01-03,7307,2020,3,3,1,0,1,4,3,3,1,0,0,0,1,3,3,3,3,1,0,0,0
2020-01-04,7308,2020,4,4,1,0,0,5,4,4,1,0,0,0,1,4,4,4,4,1,0,0,0
2020-01-05,7309,2020,5,5,1,0,0,6,5,5,1,0,0,0,1,5,5,5,5,1,0,0,0
2020-01-06,7310,2020,6,6,2,0,1,0,6,6,1,0,0,0,1,6,6,6,6,1,0,0,0
2020-01-07,7311,2020,7,7,2,0,1,1,7,7,1,0,0,0,1,7,7,7,7,1,0,0,0
2020-01-08,7312,2020,8,8,2,0,1,2,8,8,1,0,0,0,1,8,8,8,8,1,0,0,0
2020-01-09,7313,2020,9,9,2,0,1,3,9,9,1,0,0,0,1,9,9,9,9,1,0,0,0
2020-01-10,7314,2020,10,10,2,0,1,4,10,10,1,0,0,0,1,10,10,10,10,1,0,0,0
2020-01-11,7315,2020,11,11,2,0,0,5,11,11,1,0,0,0,1,11,11,11,11,1,0,0,0
2020-01-12,7316,2020,12,12,2,0,0,6,12,12,1,0,0,0,1,12,12,12,12,1,0,0,0
2020-01-13,7317,2020,13,13,3,0,1,0,13,13,1,0,0,0,1,13,13,13,13,1,0,0,0
2020-01-14,7318,2020,14,14,3,0,1,1,14,14,1,0,0,0,1,14,14,14,14,1,0,0,0
2020-01-15,7319,2020,15,15,3,0,1,2,15,15,1,0,0,0,1,15,15,15,15,1,0,0,0
2020-01-16,7320,2020,16,16,3,0,1,3,16,16,1,0,0,0,1,16,16,16,16,1,0,0,0
2020-01-17,7321,2020,17,17,3,0,1,4,17,17,1,0,0,0,1,17,17,17,17,1,0,0,0
2020-01-18,7322,2020,18,18,3,0,0,5,18,18,1,0,0,0,1,18,18,18,18,1,0,0,0
2020-01-19,7323,2020,19,19,3,0,0,6,19,19,1,0,0,0,1,19,19,19,19,1,0,0,0
2020-01-20,7324,2020,20,20,4,0,1,0,20,20,1,0,0,0,1,20,20,20,20,1,0,0,0
2020-01-21,7325,2020,21,21,4,0,1,1,21,21,1,0,0,0,1,21,21,21,21,1,0,0,0
2020-01-22,7326,2020,22,22,4,0,1,2,22,22,1,0,0,0,1,22,22,22,22,1,0,0,0
2020-01-23,7327,2020,23,23,4,0,1,3,23,23,1,0,0,0,1,23,23,23,23,1,0,0,0
2020-01-24,7328,2020,24,24,4,0,1,4,24,24,1,0,0,0,1,24,24,24,24,1,0,0,0
2020-01-25,7329,2020,25,25,4,0,0,5,25,25,1,0,0,0,1,25,25,25,25,1,0,0,0
2020-01-26,7330,2020,26,26,4,1,0,6,26,26,1,0,0,0,1,26,26,26,26,1,0,0,0
2020-01-27,7331,2020,27,27,5,0,1,0,27,27,1,0,0,0,1,27,27,27,27,1,0,0,0
2020-01-28,7332,2020,28,28,5,0,1,1,28,28,1,0,0,0,1,28,28,28,28,1,0,0,0
2020-01-29,7333,2020,29,29,5,0,1,2,29,29,1,0,0,0,1,29,29,29,29,1,0,0,0
2020-01-30,7334,2020,30,30,5,0,1,3,30,30,1,0,0,0,1,30,30,30,30,1,0,0,0
2020-01-31,7335,2020,31,31,5,0,1,4,31,31,1,0,0,0,1,31,31,31,31,1,0,0,0
2020-02-01,7336,2020,1,32,5,0,0,5,1,32,2,0,0,0,2,1,32,32,1,2,0,0,0
2020-02-02,7337,2020,2,33,5,0,0,6,2,33,2,0,0,0,2,2,33,33,2,2,0,0,0
2020-02-03,7338,2020,3,34,6,0,1,0,3,34,2,0,0,0,2,3,34,34,3,2,0,0,0
2020-02-04,7339,2020,4,35,6,0,1,1,4,35,2,0,0,0,2,4,35,35,4,2,0,0,0
2020-02-05,7340,2020,5,36,6,0,1,2,5,36,2,0,0,0,2,5,36,36,5,2,0,0,0
2020-02-06,7341,2020,6,37,6,0,1,3,6,37,2,0,0,0,2,6,37,37,6,2,0,0,0
2020-02-07,7342,2020,7,38,6,0,1,4,7,38,2,0,0,0,2,7,38,38,7,2,0,0,0
2020-02-08,7343,2020,8,39,6,0,0,5,8,39,2,0,0,0,2,8,39,39,8,2,0,0,0
2020-02-09,7344,2020,9,40,6,0,0,6,9,40,2,0,0,0,2,9,40,40,9,2,0,0,0
2020-02-10,7345,2020,10,41,7,0,1,0,10,41,2,0,0,0,2,10,41,41,10,2,0,0,0
2020-02-11,7346,2020,11,42,7,0,1,1,11,42,2,0,0,0,2,11,42,42,11,2,0,0,0
2020-02-12,7347,2020,12,43,7,0,1,2,12,43,2,0,0,0,2,12,43,43,12,2,0,0,0
2020-02-13,7348,2020,13,44,7,0,1,3,13,44,2,0,0,0,2,13,44,44,13,2,0,0,0
2020-02-14,7349,2020,14,45,7,0,1,4,14,45,2,0,0,0,2,14,45,45,14,2,0,0,0
2020-02-15,7350,2020,15,46,7,0,0,5,15,46,2,0,0,0,2,15,46,46,15,2,0,0,0
2020-02-16,7351,2020,16,47,7,0,0,6,16,47,2,0,0,0,2,16,47,47,16,2,0,0,0
2020-02-17,7352,2020,17,48,8,0,1,0,17,48,2,0,0,0,2,17,48,48,17,2,0,0,0
2020-02-18,7353,2020,18,49,8,0,1,1,18,49,2,0,0,0,2,18,49,49,18,2,0,0,0
2020-02-19,7354,2020,19,50,8,0,1,2,19,50,2,0,0,0,2,19,50,50,19,2,0,0,0
2020-02-20,7355,2020,20,51,8,0,1,3,20,51,2,0,0,0,2,20,51,51,20,2,0,0,0
2020-02-21,7356,2020,21,52,8,0,1,4,21,52,2,0,0,0,2,21,52,52,21,2,0,0,0
2020-02-22,7357,2020,22,53,8,0,0,5,22,53,2,0,0,0,2,22,53,53,22,2,0,0,0
2020-02-23,7358,2020,23,54,8,0,0,6,23,54,2,0,0,0,2,23,54,54,23,2,0,0,0
2020-02-24,7359,2020,24,55,9,0,1,0,24,55,2,0,0,0,2,24,55,55,24,2,0,0,0
2020-02-25,7360,2020,25,56,9,0,1,1,25,56,2,0,0,0,2,25,56,56,25,2,0,0,0
2020-02-26,7361,2020,26,57,9,0,1,2,26,57,2,0,0,0,2,26,57,57,26,2,0,0,0
2020-02-27,7362,2020,27,58,9,0,1,3,27,58,2,0,0,0,2,27,58,58,27,2,0,0,0
2020-02-28,7363,2020,28,59,9,0,1,4,28,59,2,0,0,0,2,28,59,59,28,2,0,0,0
2020-02-29,7364,2020,29,60,9,0,0,5,29,60,2,0,0,0,2,29,60,60,29,2,0,0,0
2020-03-01,7365,2020,1,61,9,0,0,6,1,61,3,0,0,0,3,1,61,61,1,3,0,0,0
2020-03-02,7366,2020,2,62,10,0,1,0,2,62,3,0,0,0,3,2,62,62,2,3,0,0,0
2020-03-03,7367,2020,3,63,10,0,1,1,3,63,3,0,0,0,3,3,63,63,3,3,0,0,0
2020-03-04,7368,2020,4,64,10,0,1,2,4,64,3,0,0,0,3,4,64,64,4,3,0,0,0
2020-03-05,7369,2020,5,65,10,0,1,3,5,65,3,0,0,0,3,5,65,65,5,3,0,0,0
2020-03-06,7370,2020,6,66,10,0,1,4,6,66,3,0,0,0,3,6,66,66,6,3,0,0,0
2020-03-07,7371,2020,7,67,10,0,0,5,7,67,3,0,0,0,3,7,67,67,7,3,0,0,0
2020-03-08,7372,2020,8,68,10,0,0,6,8,68,3,0,0,0,3,8,68,68,8,3,0,0,0
2020-03-09,7373,2020,9,69,11,0,1,0,9,69,3,0,0,0,3,9,69,69,9,3,0,0,0
2020-03-10,7374,2020,10,70,11,0,1,1,10,70,3,0,0,0,3,10,70,70,10,3,0,0,0
2020-03-11,7375,2020,11,71,11,0,1,2,11,71,3,0,0,0,3,11,71,71,11,3,0,0,0
2020-03-12,7376,2020,12,72,11,0,1,3,12,72,3,0,0,0,3,12,72,72,12,3,0,0,0
2020-03-13,7377,2020,13,73,11,0,1,4,13,73,3,0,0,0,3,13,73,73,13,3,0,0,0
2020-03-14,7378,2020,14,74,11,0,0,5,14,74,3,0,0,0,3,14,74,74,14,3,0,0,0
2020-03-15,7379,2020,15,75,11,0,0,6,15,75,3,0,0,0,3,15,75,75,15,3,0,0,0
2020-03-16,7380,2020,16,76,12,0,1,0,16,76,3,0,0,0,3,16,76,76,16,3,0,0,0
2020-03-17,7381,2020,17,77,12,0,1,1,17,77,3,0,0,0,3,17,77,77,17,3,0,0,0
2020-03-18,7382,2020,18,78,12,0,1,2,18,78,3,0,0,0,3,18,78,78,18,3,0,0,0
2020-03-19,7383,2020,19,79,12,0,1,3,19,79,3,0,0,0,3,19,79,79,19,3,0,0,0
2020-03-20,7384,2020,20,80,12,0,1,4,20,80,3,0,0,0,3,20,80,80,20,3,0,0,0
2020-03-21,7385,2020,21,81,12,0,0,5,21,81,3,0,0,0,3,21,81,81,21,3,0,0,0
2020-03-22,7386,2020,22,82,12,0,0,6,22,82,3,0,0,0,3,22,82,82,22,3,0,0,0
2020-03-23,7387,2020,23,83,13,0,1,0,23,83,3,0,0,0,3,23,83,83,23,3,0,0,0
2020-03-24,7388,2020,24,84,13,0,1,1,24,84,3,0,0,0,3,24,84,84,24,3,0,0,0
2020-03-25,7389,2020,25,85,13,0,1,2,25,85,3,0,0,0,3,25,85,85,25,3,0,0,0
2020-03-26,7390,2020,26,86,13,0,1,3,26,86,3,0,0,0,3,26,86,86,26,3,0,0,0
2020-03-27,7391,2020,27,87,13,0,1,4,27,87,3,0,0,0,3,27,87,87,27,3,0,0,0
2020-03-28,7392,2020,28,88,13,0,0,5,28,88,3,0,0,0,3,28,88,88,28,3,0,0,0
2020-03-29,7393,2020,29,89,13,0,0,6,29,89,3,0,0,0,3,29,89,89,29,3,0,0,0
2020-03-30,7394,2020,30,90,14,0,1,0,30,90,3,0,0,0,3,30,90,90,30,3,0,0,0
2020-03-31,7395,2020,31,91,14,0,1,1,31,91,3,0,0,0,3,31,91,91,31,3,0,0,0
2020-04-01,7396,2020,1,92,14,0,1,2,1,92,4,0,0,0,4,1,92,92,1,4,0,0,0
2020-04-02,7397,2020,2,93,14,0,1,3,2,93,4,0,0,0,4,2,93,93,2,4,0,0,0
2020-04-03,7398,2020,3,94,14,0,1,4,3,94,4,0,0,0,4,3,94,94,3,4,0,0,0
2020-04-04,7399,2020,4,95,14,0,0,5,4,95,4,0,0,0,4,4,95,95,4,4,0,0,0
2020-04-05,7400,2020,5,96,14,0,0,6,5,96,4,0,0,0,4,5,96,96,5,4,0,0,0
2020-04-06,7401,2020,6,97,15,0,1,0,6,97,4,0,0,0,4,6,97,97,6,4,0,0,0
2020-04-07,7402,2020,7,98,15,0,1,1,7,98,4,0,0,0,4,7,98,98,7,4,0,0,0
2020-04-08,7403,2020,8,99,15,0,1,2,8,99,4,0,0,0,4,8,99,99,8,4,0,0,0
2020-04-09,7404,2020,9,100,15,0,1,3,9,100,4,0,0,0,4,9,100,100,9,4,0,0,0
2020-04-10,7405,2020,10,101,15,0,1,4,10,101,4,0,0,0,4,10,101,101,10,4,0,0,0
2020-04-11,7406,2020,11,102,15,0,0,5,11,102,4,0,0,0,4,11,102,102,11,4,0,0,0
2020-04-12,7407,2020,12,103,15,0,0,6,12,103,4,0,0,0,4,12,103,103,12,4,0,0,0
2020-04-13,7408,2020,13,104,16,0,1,0,13,104,4,0,0,0,4,13,104,104,13,4,0,0,0
2020-04-14,7409,2020,14,105,16,0,1,1,14,105,4,0,0,0,4,14,105,105,14,4,0,0,0
2020-04-15,7410,2020,15,106,16,0,1,2,15,106,4,0,0,0,4,15,106,106,15,4,0,0,0
2020-04-16,7411,2020,16,107,16,0,1,3,16,107,4,0,0,0,4,16,107,107,16,4,0,0,0
2020-04-17,7412,2020,17,108,16,0,1,4,17,108,4,0,0,0,4,17,108,108,17,4,0,0,0
2020-04-18,7413,2020,18,109,16,0,0,5,18,109,4,0,0,0,4,18,109,109,18,4,0,0,0
2020-04-19,7414,2020,19,110,16,0,0,6,19,110,4,0,0,0,4,19,110,110,19,4,0,0,0
2020-04-20,7415,2020,20,111,17,0,1,0,20,111,4,0,0,0,4,20,111,111,20,4,0,0,0
2020-04-21,7416,2020,21,112,17,0,1,1,21,112,4,0,0,0,4,21,112,112,21,4,0,0,0
2020-04-22,7417,2020,22,113,17,0,1,2,22,113,4,0,0,0,4,22,113,113,22,4,0,0,0
2020-04-23,7418,2020,23,114,17,0,1,3,23,114,4,0,0,0,4,23,114,114,23,4,0,0,0
2020-04-24,7419,2020,24,115,17,0,1,4,24,115,4,0,0,0,4,24,115,115,24,4,0,0,0
2020-04-25,7420,2020,25,116,17,0,0,5,25,116,4,0,0,0,4,25,116,116,25,4,0,0,0
2020-04-26,7421,2020,26,117,17,0,0,6,26,117,4,0,0,0,4,26,117,117,26,4,0,0,0
2020-04-27,7422,2020,27,118,18,0,1,0,27,118,4,0,0,0,4,27,118,118,27,4,0,0,0
2020-04-28,7423,2020,28,119,18,0,1,1,28,119,4,0,0,0,4,28,119,119,28,4,0,0,0
2020-04-29,7424,2020,29,120,18,0,1,2,29,120,4,0,0,0,4,29,120,120,29,4,0,0,0
2020-04-30,7425,2020,30,121,18,0,1,3,30,121,4,0,0,0,4,30,121,121,30,4,0,0,0
2020-05-01,7426,2020,1,122,18,0,1,4,1,122,5,0,0,0,5,1,122,122,1,5,0,0,0
2020-05-02,7427,2020,2,123,18,0,0,5,2,123,5,0,0,0,5,2,123,123,2,5,0,0,0
2020-05-03,7428,2020,3,124,18,0,0,6,3,124,5,0,0,0,5,3,124,124,3,5,0,0,0
2020-05-04,7429,2020,4,125,19,0,1,0,4,125,5,0,0,0,5,4,125,125,4,5,0,0,0
2020-05-05,7430,2020,5,126,19,0,1,1,5,126,5,0,0,0,5,5,126,126,5,5,0,0,0
2020-05-06,7431,2020,6,127,19,0,1,2,6,127,5,0,0,0,5,6,127,127,6,5,0,0,0
2020-05-07,7432,2020,7,128,19,0,1,3,7,128,5,0,0,0,5,7,128,128,7,5,0,0,0
2020-05-08,7433,2020,8,129,19,0,1,4,8,129,5,0,0,0,5,8,129,129,8,5,0,0,0
2020-05-09,7434,2020,9,130,19,0,0,5,9,130,5,0,0,0,5,9,130,130,9,5,0,0,0
2020-05-10,7435,2020,10,131,19,0,0,6,10,131,5,0,0,0,5,10,131,131,10,5,0,0,0
2020-05-11,7436,2020,11,132,20,0,1,0,11,132,5,0,0,0,5,11,132,132,11,5,0,0,0
2020-05-12,7437,2020,12,133,20,0,1,1,12,133,5,0,0,0,5,12,133,133,12,5,0,0,0
2020-05-13,7438,2020,13,134,20,0,1,2,13,134,5,0,0,0,5,13,134,134,13,5,0,0,0
2020-05-14,7439,2020,14,135,20,0,1,3,14,135,5,0,0,0,5,14,135,135,14,5,0,0,0
2020-05-15,7440,2020,15,136,20,0,1,4,15,136,5,0,0,0,5,15,136,136,15,5,0,0,0
2020-05-16,7441,2020,16,137,20,0,0,5,16,137,5,0,0,0,5,16,137,137,16,5,0,0,0
2020-05-17,7442,2020,17,138,20,0,0,6,17,138,5,0,0,0,5,17,138,138,17,5,0,0,0
2020-05-18,7443,2020,18,139,21,0,1,0,18,139,5,0,0,0,5,18,139,139,18,5,0,0,0
2020-05-19,7444,2020,19,140,21,0,1,1,19,140,5,0,0,0,5,19,140,140,19,5,0,0,0
2020-05-20,7445,2020,20,141,21,0,1,2,20,141,5,0,0,0,5,20,141,141,20,5,0,0,0
2020-05-21,7446,2020,21,142,21,0,1,3,21,142,5,0,0,0,5,21,142,142,21,5,0,0,0
2020-05-22,7447,2020,22,143,21,0,1,4,22,143,5,0,0,0,5,22,143,143,22,5,0,0,0
2020-05-23,7448,2020,23,144,21,0,0,5,23,144,5,0,0,0,5,23,144,144,23,5,0,0,0
2020-05-24,7449,2020,24,145,21,0,0,6,24,145,5,0,0,0,5,24,145,145,24,5,0,0,0
2020-05-25,7450,2020,25,146,22,0,1,0,25,146,5,0,0,0,5,25,146,146,25,5,0,0,0
2020-05-26,7451,2020,26,147,22,0,1,1,26,147,5,0,0,0,5,26,147,147,26,5,0,0,0
2020-05-27,7452,2020,27,148,22,0,1,2,27,148,5,0,0,0,5,27,148,148,27,5,0,0,0
2020-05-28,7453,2020,28,149,22,0,1,3,28,149,5,0,0,0,5,28,149,149,28,5,0,0,0
2020-05-29,7454,2020,29,150,22,0,1,4,29,150,5,0,0,0,5,29,150,150,29,5,0,0,0
2020-05-30,7455,2020,30,151,22,0,0,5,30,151,5,0,0,0,5,30,151,151,30,5,0,0,0
2020-05-31,7456,2020,31,152,22,0,0,6,31,152,5,0,0,0,5,31,152,152,31,5,0,0,0
2020-06-01,7457,2020,1,153,23,0,1,0,1,153,6,0,0,0,6,1,153,153,1,6,0,0,0
2020-06-02,7458,2020,2,154,23,0,1,1,2,154,6,0,0,0,6,2,154,154,2,6,0,0,0
2020-06-03,7459,2020,3,155,23,0,1,2,3,155,6,0,0,0,6,3,155,155,3,6,0,0,0
2020-06-04,7460,2020,4,156,23,0,1,3,4,156,6,0,0,0,6,4,156,156,4,6,0,0,0
2020-06-05,7461,2020,5,157,23,0,1,4,5,157,6,0,0,0,6,5,157,157,5,6,0,0,0
2020-06-06,7462,2020,6,158,23,0,0,5,6,158,6,0,0,0,6,6,158,158,6,6,0,0,0
2020-06-07,7463,2020,7,159,23,0,0,6,7,159,6,0,0,0,6,7,159,159,7,6,0,0,0
2020-06-08,7464,2020,8,160,24,0,1,0,8,160,6,0,0,0,6,8,160,160,8,6,0,0,0
2020-06-09,7465,2020,9,161,24,0,1,1,9,161,6,0,0,0,6,9,161,161,9,6,0,0,0
2020-06-10,7466,2020,10,162,24,0,1,2,10,162,6,0,0,0,6,10,162,162,10,6,0,0,0
2020-06-11,7467,2020,11,163,24,0,1,3,11,163,6,0,0,0,6,11,163,163,11,6,0,0,0
2020-06-12,7468,2020,12,164,24,0,1,4,12,164,6,0,0,0,6,12,164,164,12,6,0,0,0
2020-06-13,7469,2020,13,165,24,0,0,5,13,165,6,0,0,0,6,13,165,165,13,6,0,0,0
2020-06-14,7470,2020,14,166,24,0,0,6,14,166,6,0,0,0,6,14,166,166,14,6,0,0,0
2020-06-15,7471,2020,15,167,25,0,1,0,15,167,6,0,0,0,6,15,167,167,15,6,0,0,0
2020-06-16,7472,2020,16,168,25,0,1,1,16,168,6,0,0,0,6,16,168,168,16,6,0,0,0
2020-06-17,7473,2020,17,169,25,0,1,2,17,169,6,0,0,0,6,17,169,169,17,6,0,0,0
2020-06-18,7474,2020,18,170,25,0,1,3,18,170,6,0,0,0,6,18,170,170,18,6,0,0,0
2020-06-19,7475,2020,19,171,25,0,1,4,19,171,6,0,0,0,6,19,171,171,19,6,0,0,0
2020-06-20,7476,2020,20,172,25,0,0,5,20,172,6,0,0,0,6,20,172,172,20,6,0,0,0
2020-06-21,7477,2020,21,173,25,0,0,6,21,173,6,0,0,0,6,21,173,173,21,6,0,0,0
2020-06-22,7478,2020,22,174,26,0,1,0,22,174,6,0,0,0,6,22,174,174,22,6,0,0,0
2020-06-23,7479,2020,23,175,26,0,1,1,23,175,6,0,0,0,6,23,175,175,23,6,0,0,0
2020-06-24,7480,2020,24,176,26,0,1,2,24,176,6,0,0,0,6,24,176,176,24,6,0,0,0
2020-06-25,7481,2020,25,177,26,0,1,3,25,177,6,0,0,0,6,25,177,177,25,6,0,0,0
2020-06-26,7482,2020,26,178,26,0,1,4,26,178,6,0,0,0,6,26,178,178,26,6,0,0,0
2020-06-27,7483,2020,27,179,26,0,0,5,27,179,6,0,0,0,6,27,179,179,27,6,0,0,0
2020-06-28,7484,2020,28,180,26,0,0,6,28,180,6,0,0,0,6,28,180,180,28,6,0,0,0
2020-06-29,7485,2020,29,181,27,0,1,0,29,181,6,0,0,0,6,29,181,181,29,6,0,0,0
2020-06-30,7486,2020,30,182,27,0,1,1,30,182,6,0,0,0,6,30,182,182,30,6,0,0,0
2020-07-01,7487,2020,1,183,27,0,1,2,1,183,7,0,0,0,7,1,183,183,1,7,0,0,0
2020-07-02,7488,2020,2,184,27,0,1,3,2,184,7,0,0,0,7,2,184,184,2,7,0,0,0
2020-07-03,7489,2020,3,185,27,0,1,4,3,185,7,0,0,0,7,3,185,185,3,7,0,0,0
2020-07-04,7490,2020,4,186,27,0,0,5,4,186,7,0,0,0,7,4,186,186,4,7,0,0,0
2020-07-05,7491,2020,5,187,27,0,0,6,5,187,7,0,0,0,7,5,187,187,5,7,0,0,0
2020-07-06,7492,2020,6,188,28,0,1,0,6,188,7,0,0,0,7,6,188,188,6,7,0,0,0
2020-07-07,7493,2020,7,189,28,0,1,1,7,189,7,0,0,0,7,7,189,189,7,7,0,0,0
2020-07-08,7494,2020,8,190,28,0,1,2,8,190,7,0,0,0,7,8,190,190,8,7,0,0,0
2020-07-09,7495,2020,9,191,28,0,1,3,9,191,7,0,0,0,7,9,191,191,9,7,0,0,0
2020-07-10,7496,2020,10,192,28,0,1,4,10,192,7,0,0,0,7,10,192,192,10,7,0,0,0
2020-07-11,7497,2020,11,193,28,0,0,5,11,193,7,0,0,0,7,11,193,193,11,7,0,0,0
2020-07-12,7498,2020,12,194,28,0,0,6,12,194,7,0,0,0,7,12,194,194,12,7,0,0,0
2020-07-13,7499,2020,13,195,29,0,1,0,13,195,7,0,0,0,7,13,195,195,13,7,0,0,0
2020-07-14,7500,2020,14,196,29,0,1,1,14,196,7,0,0,0,7,14,196,196,14,7,0,0,0
2020-07-15,7501,2020,15,197,29,0,1,2,15,197,7,0,0,0,7,15,197,197,15,7,0,0,0
2020-07-16,7502,2020,16,198,29,0,1,3,16,198,7,0,0,0,7,16,198,198,16,7,0,0,0
2020-07-17,7503,2020,17,199,29,0,1,4,17,199,7,0,0,0,7,17,199,199,17,7,0,0,0
2020-07-18,7504,2020,18,200,29,0,0,5,18,200,7,0,0,0,7,18,200,200,18,7,0,0,0
2020-07-19,7505,2020,19,201,29,0,0,6,19,201,7,0,0,0,7,19,201,201,19,7,0,0,0
2020-07-20,7506,2020,20,202,30,0,1,0,20,202,7,0,0,0,7,20,202,202,20,7,0,0,0
2020-07-21,7507,2020,21,203,30,0,1,1,21,203,7,0,0,0,7,21,203,203,21,7,0,0,0
2020-07-22,7508,2020,22,204,30,0,1,2,22,204,7,0,0,0,7,22,204,204,22,7,0,0,0
2020-07-23,7509,2020,23,205,30,0,1,3,23,205,7,0,0,0,7,23,205,205,23,7,0,0,0
2020-07-24,7510,2020,24,206,30,0,1,4,24,206,7,0,0,0,7,24,206,206,24,7,0,0,0
2020-07-25,7511,2020,25,207,30,0,0,5,25,207,7,0,0,0,7,25,207,207,25,7,0,0,0
2020-07-26,7512,2020,26,208,30,0,0,6,26,208,7,0,0,0,7,26,208,208,26,7,0,0,0
2020-07-27,7513,2020,27,209,31,0,1,0,27,209,7,0,0,0,7,27,209,209,27,7,0,0,0
2020-07-28,7514,2020,28,210,31,0,1,1,28,210,7,0,0,0,7,28,210,210,28,7,0,0,0
2020-07-29,7515,2020,29,211,31,0,1,2,29,211,7,0,0,0,7,29,211,211,29,7,0,0,0
2020-07-30,7516,2020,30,212,31,0,1,3,30,212,7,0,0,0,7,30,212,212,30,7,0,0,0
2020-07-31,7517,2020,31,213,31,0,1,4,31,213,7,0,0,0,7,31,213,213,31,7,0,0,0
2020-08-01,7518,2020,1,214,31,0,0,5,1,214,8,0,0,0,8,1,214,214,1,8,0,0,0
2020-08-02,7519,2020,2,215,31,0,0,6,2,215,8,0,0,0,8,2,215,215,2,8,0,0,0
2020-08-03,7520,2020,3,216,32,0,1,0,3,216,8,0,0,0,8,3,216,216,3,8,0,0,0
2020-08-04,7521,2020,4,217,32,0,1,1,4,217,8,0,0,0,8,4,217,217,4,8,0,0,0
2020-08-05,7522,2020,5,218,32,0,1,2,5,218,8,0,0,0,8,5,218,218,5,8,0,0,0
2020-08-06,7523,2020,6,219,32,0,1,3,6,219,8,0,0,0,8,6,219,219,6,8,0,0,0
2020-08-07,7524,2020,7,220,32,0,1,4,7,220,8,0,0,0,8,7,220,220,7,8,0,0,0
2020-08-08,7525,2020,8,221,32,0,0,5,8,221,8,0,0,0,8,8,221,221,8,8,0,0,0
2020-08-09,7526,2020,9,222,32,0,0,6,9,222,8,0,0,0,8,9,222,222,9,8,0,0,0
2020-08-10,7527,2020,10,223,33,0,1,0,10,223,8,0,0,0,8,10,223,223,10,8,0,0,0
2020-08-11,7528,2020,11,224,33,0,1,1,11,224,8,0,0,0,8,11,224,224,11,8,0,0,0
2020-08-12,7529,2020,12,225,33,0,1,2,12,225,8,0,0,0,8,12,225,225,12,8,0,0,0
2020-08-13,7530,2020,13,226,33,0,1,3,13,226,8,0,0,0,8,13,226,226,13,8,0,0,0
2020-08-14,7531,2020,14,227,33,0,1,4,14,227,8,0,0,0,8,14,227,227,14,8,0,0,0
2020-08-15,7532,2020,15,228,33,1,0,5,15,228,8,0,0,0,8,15,228,228,15,8,0,0,0
2020-08-16,7533,2020,16,229,33,0,0,6,16,229,8,0,0,0,8,16,229,229,16,8,0,0,0
2020-08-17,7534,2020,17,230,34,0,1,0,17,230,8,0,0,0,8,17,230,230,17,8,0,0,0
2020-08-18,7535,2020,18,231,34,0,1,1,18,231,8,0,0,0,8,18,231,231,18,8,0,0,0
2020-08-19,7536,2020,19,232,34,0,1,2,19,232,8,0,0,0,8,19,232,232,19,8,0,0,0
2020-08-20,7537,2020,20,233,34,0,1,3,20,233,8,0,0,0,8,20,233,233,20,8,0,0,0
2020-08-21,7538,2020,21,234,34,0,1,4,21,234,8,0,0,0,8,21,234,234,21,8,0,0,0
2020-08-22,7539,2020,22,235,34,0,0,5,22,235,8,0,0,0,8,22,235,235,22,8,0,0,0
2020-08-23,7540,2020,23,236,34,0,0,6,23,236,8,0,0,0,8,23,236,236,23,8,0,0,0
2020-08-24,7541,2020,24,237,35,0,1,0,24,237,8,0,0,0,8,24,237,237,24,8,0,0,0
2020-08-25,7542,2020,25,238,35,0,1,1,25,238,8,0,0,0,8,25,238,238,25,8,0,0,0
2020-08-26,7543,2020,26,239,35,0,1,2,26,239,8,0,0,0,8,26,239,239,26,8,0,0,0
2020-08-27,7544,2020,27,240,35,0,1,3,27,240,8,0,0,0,8,27,240,240,27,8,0,0,0
2020-08-28,7545,2020,28,241,35,0,1,4,28,241,8,0,0,0,8,28,241,241,28,8,0,0,0
2020-08-29,7546,2020,29,242,35,0,0,5,29,242,8,0,0,0,8,29,242,242,29,8,0,0,0
2020-08-30,7547,2020,30,243,35,0,0,6,30,243,8,0,0,0,8,30,243,243,30,8,0,0,0
2020-08-31,7548,2020,31,244,36,0,1,0,31,244,8,0,0,0,8,31,244,244,31,8,0,0,0
2020-09-01,7549,2020,1,245,36,0,1,1,1,245,9,0,0,0,9,1,245,245,1,9,0,0,0
2020-09-02,7550,2020,2,246,36,0,1,2,2,246,9,0,0,0,9,2,246,246,2,9,0,0,0
2020-09-03,7551,2020,3,247,36,0,1,3,3,247,9,0,0,0,9,3,247,247,3,9,0,0,0
2020-09-04,7552,2020,4,248,36,0,1,4,4,248,9,0,0,0,9,4,248,248,4,9,0,0,0
2020-09-05,7553,2020,5,249,36,0,0,5,5,249,9,0,0,0,9,5,249,249,5,9,0,0,0
2020-09-06,7554,2020,6,250,36,0,0,6,6,250,9,0,0,0,9,6,250,250,6,9,0,0,0
2020-09-07,7555,2020,7,251,37,0,1,0,7,251,9,0,0,0,9,7,251,251,7,9,0,0,0
2020-09-08,7556,2020,8,252,37,0,1,1,8,252,9,0,0,0,9,8,252,252,8,9,0,0,0
2020-09-09,7557,2020,9,253,37,0,1,2,9,253,9,0,0,0,9,9,253,253,9,9,0,0,0
2020-09-10,7558,2020,10,254,37,0,1,3,10,254,9,0,0,0,9,10,254,254,10,9,0,0,0
2020-09-11,7559,2020,11,255,37,0,1,4,11,255,9,0,0,0,9,11,255,255,11,9,0,0,0
2020-09-12,7560,2020,12,256,37,0,0,5,12,256,9,0,0,0,9,12,256,256,12,9,0,0,0
2020-09-13,7561,2020,13,257,37,0,0,6,13,257,9,0,0,0,9,13,257,257,13,9,0,0,0
2020-09-14,7562,2020,14,258,38,0,1,0,14,258,9,0,0,0,9,14,258,258,14,9,0,0,0
2020-09-15,7563,2020,15,259,38,0,1,1,15,259,9,0,0,0,9,15,259,259,15,9,0,0,0
2020-09-16,7564,2020,16,260,38,0,1,2,16,260,9,0,0,0,9,16,260,260,16,9,0,0,0
2020-09-17,7565,2020,17,261,38,0,1,3,17,261,9,0,0,0,9,17,261,261,17,9,0,0,0
2020-09-18,7566,2020,18,262,38,0,1,4,18,262,9,0,0,0,9,18,262,262,18,9,0,0,0
2020-09-19,7567,2020,19,263,38,0,0,5,19,263,9,0,0,0,9,19,263,263,19,9,0,0,0
2020-09-20,7568,2020,20,264,38,0,0,6,20,264,9,0,0,0,9,20,264,264,20,9,0,0,0
2020-09-21,7569,2020,21,265,39,0,1,0,21,265,9,0,0,0,9,21,265,265,21,9,0,0,0
2020-09-22,7570,2020,22,266,39,0,1,1,22,266,9,0,0,0,9,22,266,266,22,9,0,0,0
2020-09-23,7571,2020,23,267,39,0,1,2,23,267,9,0,0,0,9,23,267,267,23,9,0,0,0
2020-09-24,7572,2020,24,268,39,0,1,3,24,268,9,0,0,0,9,24,268,268,24,9,0,0,0
2020-09-25,7573,2020,25,269,39,0,1,4,25,269,9,0,0,0,9,25,269,269,25,9,0,0,0
2020-09-26,7574,2020,26,270,39,0,0,5,26,270,9,0,0,0,9,26,270,270,26,9,0,0,0
2020-09-27,7575,2020,27,271,39,0,0,6,27,271,9,0,0,0,9,27,271,271,27,9,0,0,0
2020-09-28,7576,2020,28,272,40,0,1,0,28,272,9,0,0,0,9,28,272,272,28,9,0,0,0
2020-09-29,7577,2020,29,273,40,0,1,1,29,273,9,0,0,0,9,29,273,273,29,9,0,0,0
2020-09-30,7578,2020,30,274,40,0,1,2,30,274,9,0,0,0,9,30,274,274,30,9,0,0,0
2020-10-01,7579,2020,1,275,40,0,1,3,1,275,10,0,0,0,10,1,275,275,1,10,0,0,0
2020-10-02,7580,2020,2,276,40,1,1,4,2,276,10,0,0,0,10,2,276,276,2,10,0,0,0
2020-10-03,7581,2020,3,277,40,0,0,5,3,277,10,0,0,0,10,3,277,277,3,10,0,0,0
2020-10-04,7582,2020,4,278,40,0,0,6,4,278,10,0,0,0,10,4,278,278,4,10,0,0,0
2020-10-05,7583,2020,5,279,41,0,1,0,5,279,10,0,0,0,10,5,279,279,5,10,0,0,0
2020-10-06,7584,2020,6,280,41,0,1,1,6,280,10,0,0,0,10,6,280,280,6,10,0,0,0
2020-10-07,7585,2020,7,281,41,0,1,2,7,281,10,0,0,0,10,7,281,281,7,10,0,0,0
2020-10-08,7586,2020,8,282,41,0,1,3,8,282,10,0,0,0,10,8,282,282,8,10,0,0,0
2020-10-09,7587,2020,9,283,41,0,1,4,9,283,10,0,0,0,10,9,283,283,9,10,0,0,0
2020-10-10,7588,2020,10,284,41,0,0,5,10,284,10,0,0,0,10,10,284,284,10,10,0,0,0
2020-10-11,7589,2020,11,285,41,0,0,6,11,285,10,0,0,0,10,11,285,285,11,10,0,0,0
2020-10-12,7590,2020,12,286,42,0,1,0,12,286,10,0,0,0,10,12,286,286,12,10,0,0,0
2020-10-13,7591,2020,13,287,42,0,1,1,13,287,10,0,0,0,10,13,287,287,13,10,0,0,0
2020-10-14,7592,2020,14,288,42,0,1,2,14,288,10,0,0,0,10,14,288,288,14,10,0,0,0
2020-10-15,7593,2020,15,289,42,0,1,3,15,289,10,0,0,0,10,15,289,289,15,10,0,0,0
2020-10-16,7594,2020,16,290,42,0,1,4,16,290,10,0,0,0,10,16,290,290,16,10,0,0,0
2020-10-17,7595,2020,17,291,42,0,0,5,17,291,10,0,0,0,10,17,291,291,17,10,0,0,0
2020-10-18,7596,2020,18,292,42,0,0,6,18,292,10,0,0,0,10,18,292,292,18,10,0,0,0
2020-10-19,7597,2020,19,293,43,0,1,0,19,293,10,0,0,0,10,19,293,293,19,10,0,0,0
2020-10-20,7598,2020,20,294,43,0,1,1,20,294,10,0,0,0,10,20,294,294,20,10,0,0,0
2020-10-21,7599,2020,21,295,43,0,1,2,21,295,10,0,0,0,10,21,295,295,21,10,0,0,0
2020-10-22,7600,2020,22,296,43,0,1,3,22,296,10,0,0,0,10,22,296,296,22,10,0,0,0
2020-10-23,7601,2020,23,297,43,0,1,4,23,297,10,0,0,0,10,23,297,297,23,10,0,0,0
2020-10-24,7602,2020,24,298,43,1,0,5,24,298,10,0,0,0,10,24,298,298,24,10,0,0,0
2020-10-25,7603,2020,25,299,43,0,0,6,25,299,10,0,0,0,10,25,299,299,25,10,0,0,0
2020-10-26,7604,2020,26,300,44,0,1,0,26,300,10,0,0,0,10,26,300,300,26,10,0,0,0
2020-10-27,7605,2020,27,301,44,0,1,1,27,301,10,0,0,0,10,27,301,301,27,10,0,0,0
2020-10-28,7606,2020,28,302,44,0,1,2,28,302,10,0,0,0,10,28,302,302,28,10,0,0,0
2020-10-29,7607,2020,29,303,44,0,1,3,29,303,10,0,0,0,10,29,303,303,29,10,0,0,0
2020-10-30,7608,2020,30,304,44,0,1,4,30,304,10,0,0,0,10,30,304,304,30,10,0,0,0
2020-10-31,7609,2020,31,305,44,0,0,5,31,305,10,0,0,0,10,31,305,305,31,10,0,0,0
2020-11-01,7610,2020,1,306,44,0,0,6,1,306,11,0,0,0,11,1,306,306,1,11,0,0,0
2020-11-02,7611,2020,2,307,45,0,1,0,2,307,11,0,0,0,11,2,307,307,2,11,0,0,0
2020-11-03,7612,2020,3,308,45,0,1,1,3,308,11,0,0,0,11,3,308,308,3,11,0,0,0
2020-11-04,7613,2020,4,309,45,0,1,2,4,309,11,0,0,0,11,4,309,309,4,11,0,0,0
2020-11-05,7614,2020,5,310,45,0,1,3,5,310,11,0,0,0,11,5,310,310,5,11,0,0,0
2020-11-06,7615,2020,6,311,45,0,1,4,6,311,11,0,0,0,11,6,311,311,6,11,0,0,0
2020-11-07,7616,2020,7,312,45,0,0,5,7,312,11,0,0,0,11,7,312,312,7,11,0,0,0
2020-11-08,7617,2020,8,313,45,0,0,6,8,313,11,0,0,0,11,8,313,313,8,11,0,0,0
2020-11-09,7618,2020,9,314,46,0,1,0,9,314,11,0,0,0,11,9,314,314,9,11,0,0,0
2020-11-10,7619,2020,10,315,46,0,1,1,10,315,11,0,0,0,11,10,315,315,10,11,0,0,0
2020-11-11,7620,2020,11,316,46,0,1,2,11,316,11,0,0,0,11,11,316,316,11,11,0,0,0
2020-11-12,7621,2020,12,317,46,0,1,3,12,317,11,0,0,0,11,12,317,317,12,11,0,0,0
2020-11-13,7622,2020,13,318,46,0,1,4,13,318,11,0,0,0,11,13,318,318,13,11,0,0,0
2020-11-14,7623,2020,14,319,46,1,0,5,14,319,11,0,0,0,11,14,319,319,14,11,0,0,0
2020-11-15,7624,2020,15,320,46,0,0,6,15,320,11,0,0,0,11,15,320,320,15,11,0,0,0
2020-11-16,7625,2020,16,321,47,0,1,0,16,321,11,0,0,0,11,16,321,321,16,11,0,0,0
2020-11-17,7626,2020,17,322,47,0,1,1,17,322,11,0,0,0,11,17,322,322,17,11,0,0,0
2020-11-18,7627,2020,18,323,47,0,1,2,18,323,11,0,0,0,11,18,323,323,18,11,0,0,0
2020-11-19,7628,2020,19,324,47,0,1,3,19,324,11,0,0,0,11,19,324,324,19,11,0,0,0
2020-11-20,7629,2020,20,325,47,0,1,4,20,325,11,0,0,0,11,20,325,325,20,11,0,0,0
2020-11-21,7630,2020,21,326,47,0,0,5,21,326,11,0,0,0,11,21,326,326,21,11,0,0,0
2020-11-22,7631,2020,22,327,47,0,0,6,22,327,11,0,0,0,11,22,327,327,22,11,0,0,0
2020-11-23,7632,2020,23,328,48,0,1,0,23,328,11,0,0,0,11,23,328,328,23,11,0,0,0
2020-11-24,7633,2020,24,329,48,0,1,1,24,329,11,0,0,0,11,24,329,329,24,11,0,0,0
2020-11-25,7634,2020,25,330,48,0,1,2,25,330,11,0,0,0,11,25,330,330,25,11,0,0,0
2020-11-26,7635,2020,26,331,48,0,1,3,26,331,11,0,0,0,11,26,331,331,26,11,0,0,0
2020-11-27,7636,2020,27,332,48,0,1,4,27,332,11,0,0,0,11,27,332,332,27,11,0,0,0
2020-11-28,7637,2020,28,333,48,0,0,5,28,333,11,0,0,0,11,28,333,333,28,11,0,0,0
2020-11-29,7638,2020,29,334,48,0,0,6,29,334,11,0,0,0,11,29,334,334,29,11,0,0,0
2020-11-30,7639,2020,30,335,49,0,1,0,30,335,11,0,0,0,11,30,335,335,30,11,0,0,0
2020-12-01,7640,2020,1,336,49,0,1,1,1,336,12,0,0,0,12,1,336,336,1,12,0,0,0
2020-12-02,7641,2020,2,337,49,0,1,2,2,337,12,0,0,0,12,2,337,337,2,12,0,0,0
2020-12-03,7642,2020,3,338,49,0,1,3,3,338,12,0,0,0,12,3,338,338,3,12,0,0,0
2020-12-04,7643,2020,4,339,49,0,1,4,4,339,12,0,0,0,12,4,339,339,4,12,0,0,0
2020-12-05,7644,2020,5,340,49,0,0,5,5,340,12,0,0,0,12,5,340,340,5,12,0,0,0
2020-12-06,7645,2020,6,341,49,0,0,6,6,341,12,0,0,0,12,6,341,341,6,12,0,0,0
2020-12-07,7646,2020,7,342,50,0,1,0,7,342,12,0,0,0,12,7,342,342,7,12,0,0,0
2020-12-08,7647,2020,8,343,50,0,1,1,8,343,12,0,0,0,12,8,343,343,8,12,0,0,0
2020-12-09,7648,2020,9,344,50,0,1,2,9,344,12,0,0,0,12,9,344,344,9,12,0,0,0
2020-12-10,7649,2020,10,345,50,0,1,3,10,345,12,0,0,0,12,10,345,345,10,12,0,0,0
2020-12-11,7650,2020,11,346,50,0,1,4,11,346,12,0,0,0,12,11,346,346,11,12,0,0,0
2020-12-12,7651,2020,12,347,50,0,0,5,12,347,12,0,0,0,12,12,347,347,12,12,0,0,0
2020-12-13,7652,2020,13,348,50,0,0,6,13,348,12,0,0,0,12,13,348,348,13,12,0,0,0
2020-12-14,7653,2020,14,349,51,0,1,0,14,349,12,0,0,0,12,14,349,349,14,12,0,0,0
2020-12-15,7654,2020,15,350,51,0,1,1,15,350,12,0,0,0,12,15,350,350,15,12,0,0,0
2020-12-16,7655,2020,16,351,51,0,1,2,16,351,12,0,0,0,12,16,351,351,16,12,0,0,0
2020-12-17,7656,2020,17,352,51,0,1,3,17,352,12,0,0,0,12,17,352,352,17,12,0,0,0
2020-12-18,7657,2020,18,353,51,0,1,4,18,353,12,0,0,0,12,18,353,353,18,12,0,0,0
2020-12-19,7658,2020,19,354,51,0,0,5,19,354,12,0,0,0,12,19,354,354,19,12,0,0,0
2020-12-20,7659,2020,20,355,51,0,0,6,20,355,12,0,0,0,12,20,355,355,20,12,0,0,0
2020-12-21,7660,2020,21,356,52,0,1,0,21,356,12,0,0,0,12,21,356,356,21,12,0,0,0
2020-12-22,7661,2020,22,357,52,0,1,1,22,357,12,0,0,0,12,22,357,357,22,12,0,0,0
2020-12-23,7662,2020,23,358,52,0,1,2,23,358,12,0,0,0,12,23,358,358,23,12,0,0,0
2020-12-24,7663,2020,24,359,52,0,1,3,24,359,12,0,0,0,12,24,359,359,24,12,0,0,0
2020-12-25,7664,2020,25,360,52,1,1,4,25,360,12,0,0,0,12,25,360,360,25,12,0,0,0
2020-12-26,7665,2020,26,361,52,0,0,5,26,361,12,0,0,0,12,26,361,361,26,12,0,0,0
2020-12-27,7666,2020,27,362,52,0,0,6,27,362,12,0,0,0,12,27,362,362,27,12,0,0,0
2020-12-28,7667,2020,28,363,53,0,1,0,28,363,12,0,0,0,12,28,363,363,28,12,0,0,0
2020-12-29,7668,2020,29,364,53,0,1,1,29,364,12,0,0,0,12,29,364,364,29,12,0,0,0
2020-12-30,7669,2020,30,365,53,0,1,2,30,365,12,0,0,0,12,30,365,365,30,12,0,0,0
2020-12-31,7670,2020,31,366,53,0,1,3,31,366,12,0,0,0,12,31,366,366,31,12,0,0,0
2021-01-01,7671,2021,1,1,53,1,1,4,1,1,1,0,0,0,1,1,1,1,1,1,0,0,0
2021-01-02,7672,2021,2,2,53,0,0,5,2,2,1,0,0,0,1,2,2,2,2,1,0,0,0
2021-01-03,7673,2021,3,3,53,0,0,6,3,3,1,0,0,0,1,3,3,3,3,1,0,0,0
2021-01-04,7674,2021,4,4,1,0,1,0,4,4,1,0,0,0,1,4,4,4,4,1,0,0,0
2021-01-05,7675,2021,5,5,1,0,1,1,5,5,1,0,0,0,1,5,5,5,5,1,0,0,0
2021-01-06,7676,2021,6,6,1,0,1,2,6,6,1,0,0,0,1,6,6,6,6,1,0,0,0
2021-01-07,7677,2021,7,7,1,0,1,3,7,7,1,0,0,0,1,7,7,7,7,1,0,0,0
2021-01-08,7678,2021,8,8,1,0,1,4,8,8,1,0,0,0,1,8,8,8,8,1,0,0,0
2021-01-09,7679,2021,9,9,1,0,0,5,9,9,1,0,0,0,1,9,9,9,9,1,0,0,0
2021-01-10,7680,2021,10,10,1,0,0,6,10,10,1,0,0,0,1,10,10,10,10,1,0,0,0
2021-01-11,7681,2021,11,11,2,0,1,0,11,11,1,0,0,0,1,11,11,11,11,1,0,0,0
2021-01-12,7682,2021,12,12,2,0,1,1,12,12,1,0,0,0,1,12,12,12,12,1,0,0,0
2021-01-13,7683,2021,13,13,2,0,1,2,13,13,1,0,0,0,1,13,13,13,13,1,0,0,0
2021-01-14,7684,2021,14,14,2,0,1,3,14,14,1,0,0,0,1,14,14,14,14,1,0,0,0
2021-01-15,7685,2021,15,15,2,0,1,4,15,15,1,0,0,0,1,15,15,15,15,1,0,0,0
2021-01-16,7686,2021,16,16,2,0,0,5,16,16,1,0,0,0,1,16,16,16,16,1,0,0,0
2021-01-17,7687,2021,17,17,2,0,0,6,17,17,1,0,0,0,1,17,17,17,17,1,0,0,0
2021-01-18,7688,2021,18,18,3,0,1,0,18,18,1,0,0,0,1,18,18,18,18,1,0,0,0
2021-01-19,7689,2021,19,19,3,0,1,1,19,19,1,0,0,0,1,19,19,19,19,1,0,0,0
2021-01-20,7690,2021,20,20,3,0,1,2,20,20,1,0,0,0,1,20,20,20,20,1,0,0,0
2021-01-21,7691,2021,21,21,3,0,1,3,21,21,1,0,0,0,1,21,21,21,21,1,0,0,0
2021-01-22,7692,2021,22,22,3,0,1,4,22,22,1,0,0,0,1,22,22,22,22,1,0,0,0
2021-01-23,7693,2021,23,23,3,0,0,5,23,23,1,0,0,0,1,23,23,23,23,1,0,0,0
2021-01-24,7694,2021,24,24,3,0,0,6,24,24,1,0,0,0,1,24,24,24,24,1,0,0,0
2021-01-25,7695,2021,25,25,4,0,1,0,25,25,1,0,0,0,1,25,25,25,25,1,0,0,0
2021-01-26,7696,2021,26,26,4,1,1,1,26,26,1,0,0,0,1,26,26,26,26,1,0,0,0
2021-01-27,7697,2021,27,27,4,0,1,2,27,27,1,0,0,0,1,27,27,27,27,1,0,0,0
2021-01-28,7698,2021,28,28,4,0,1,3,28,28,1,0,0,0,1,28,28,28,28,1,0,0,0
2021-01-29,7699,2021,29,29,4,0,1,4,29,29,1,0,0,0,1,29,29,29,29,1,0,0,0
2021-01-30,7700,2021,30,30,4,0,0,5,30,30,1,0,0,0,1,30,30,30,30,1,0,0,0
2021-01-31,7701,2021,31,31,4,0,0,6,31,31,1,0,0,0,1,31,31,31,31,1,0,0,0
2021-02-01,7702,2021,1,32,5,0,1,0,1,32,2,0,0,0,2,1,32,32,1,2,0,0,0
2021-02-02,7703,2021,2,33,5,0,1,1,2,33,2,0,0,0,2,2,33,33,2,2,0,0,0
2021-02-03,7704,2021,3,34,5,0,1,2,3,34,2,0,0,0,2,3,34,34,3,2,0,0,0
2021-02-04,7705,2021,4,35,5,0,1,3,4,35,2,0,0,0,2,4,35,35,4,2,0,0,0
2021-02-05,7706,2021,5,36,5,0,1,4,5,36,2,0,0,0,2,5,36,36,5,2,0,0,0
2021-02-06,7707,2021,6,37,5,0,0,5,6,37,2,0,0,0,2,6,37,37,6,2,0,0,0
2021-02-07,7708,2021,7,38,5,0,0,6,7,38,2,0,0,0,2,7,38,38,7,2,0,0,0
2021-02-08,7709,2021,8,39,6,0,1,0,8,39,2,0,0,0,2,8,39,39,8,2,0,0,0
2021-02-09,7710,2021,9,40,6,0,1,1,9,40,2,0,0,0,2,9,40,40,9,2,0,0,0
2021-02-10,7711,2021,10,41,6,0,1,2,10,41,2,0,0,0,2,10,41,41,10,2,0,0,0
2021-02-11,7712,2021,11,42,6,0,1,3,11,42,2,0,0,0,2,11,42,42,11,2,0,0,0
2021-02-12,7713,2021,12,43,6,0,1,4,12,43,2,0,0,0,2,12,43,43,12,2,0,0,0
2021-02-13,7714,2021,13,44,6,0,0,5,13,44,2,0,0,0,2,13,44,44,13,2,0,0,0
2021-02-14,7715,2021,14,45,6,0,0,6,14,45,2,0,0,0,2,14,45,45,14,2,0,0,0
2021-02-15,7716,2021,15,46,7,0,1,0,15,46,2,0,0,0,2,15,46,46,15,2,0,0,0
2021-02-16,7717,2021,16,47,7,0,1,1,16,47,2,0,0,0,2,16,47,47,16,2,0,0,0
2021-02-17,7718,2021,17,48,7,0,1,2,17,48,2,0,0,0,2,17,48,48,17,2,0,0,0
2021-02-18,7719,2021,18,49,7,0,1,3,18,49,2,0,0,0,2,18,49,49,18,2,0,0,0
2021-02-19,7720,2021,19,50,7,0,1,4,19,50,2,0,0,0,2,19,50,50,19,2,0,0,0
2021-02-20,7721,2021,20,51,7,0,0,5,20,51,2,0,0,0,2,20,51,51,20,2,0,0,0
2021-02-21,7722,2021,21,52,7,0,0,6,21,52,2,0,0,0,2,21,52,52,21,2,0,0,0
2021-02-22,7723,2021,22,53,8,0,1,0,22,53,2,0,0,0,2,22,53,53,22,2,0,0,0
2021-02-23,7724,2021,23,54,8,0,1,1,23,54,2,0,0,0,2,23,54,54,23,2,0,0,0
2021-02-24,7725,2021,24,55,8,0,1,2,24,55,2,0,0,0,2,24,55,55,24,2,0,0,0
2021-02-25,7726,2021,25,56,8,0,1,3,25,56,2,0,0,0,2,25,56,56,25,2,0,0,0
2021-02-26,7727,2021,26,57,8,0,1,4,26,57,2,0,0,0,2,26,57,57,26,2,0,0,0
2021-02-27,7728,2021,27,58,8,0,0,5,27,58,2,0,0,0,2,27,58,58,27,2,0,0,0
2021-02-28,7729,2021,28,59,8,0,0,6,28,59,2,0,0,0,2,28,59,59,28,2,0,0,0
2021-03-01,7730,2021,1,60,9,0,1,0,1,60,3,0,0,0,3,1,60,60,1,3,0,0,0
2021-03-02,7731,2021,2,61,9,0,1,1,2,61,3,0,0,0,3,2,61,61,2,3,0,0,0
2021-03-03,7732,2021,3,62,9,0,1,2,3,62,3,0,0,0,3,3,62,62,3,3,0,0,0
2021-03-04,7733,2021,4,63,9,0,1,3,4,63,3,0,0,0,3,4,63,63,4,3,0,0,0
2021-03-05,7734,2021,5,64,9,0,1,4,5,64,3,0,0,0,3,5,64,64,5,3,0,0,0
2021-03-06,7735,2021,6,65,9,0,0,5,6,65,3,0,0,0,3,6,65,65,6,3,0,0,0
2021-03-07,7736,2021,7,66,9,0,0,6,7,66,3,0,0,0,3,7,66,66,7,3,0,0,0
2021-03-08,7737,2021,8,67,10,0,1,0,8,67,3,0,0,0,3,8,67,67,8,3,0,0,0
2021-03-09,7738,2021,9,68,10,0,1,1,9,68,3,0,0,0,3,9,68,68,9,3,0,0,0
2021-03-10,7739,2021,10,69,10,0,1,2,10,69,3,0,0,0,3,10,69,69,10,3,0,0,0
2021-03-11,7740,2021,11,70,10,0,1,3,11,70,3,0,0,0,3,11,70,70,11,3,0,0,0
2021-03-12,7741,2021,12,71,10,0,1,4,12,71,3,0,0,0,3,12,71,71,12,3,0,0,0
2021-03-13,7742,2021,13,72,10,0,0,5,13,72,3,0,0,0,3,13,72,72,13,3,0,0,0
2021-03-14,7743,2021,14,73,10,0,0,6,14,73,3,0,0,0,3,14,73,73,14,3,0,0,0
2021-03-15,7744,2021,15,74,11,0,1,0,15,74,3,0,0,0,3,15,74,74,15,3,0,0,0
2021-03-16,7745,2021,16,75,11,0,1,1,16,75,3,0,0,0,3,16,75,75,16,3,0,0,0
2021-03-17,7746,2021,17,76,11,0,1,2,17,76,3,0,0,0,3,17,76,76,17,3,0,0,0
2021-03-18,7747,2021,18,77,11,0,1,3,18,77,3,0,0,0,3,18,77,77,18,3,0,0,0
2021-03-19,7748,2021,19,78,11,0,1,4,19,78,3,0,0,0,3,19,78,78,19,3,0,0,0
2021-03-20,7749,2021,20,79,11,0,0,5,20,79,3,0,0,0,3,20,79,79,20,3,0,0,0
2021-03-21,7750,2021,21,80,11,0,0,6,21,80,3,0,0,0,3,21,80,80,21,3,0,0,0
2021-03-22,7751,2021,22,81,12,0,1,0,22,81,3,0,0,0,3,22,81,81,22,3,0,0,0
2021-03-23,7752,2021,23,82,12,0,1,1,23,82,3,0,0,0,3,23,82,82,23,3,0,0,0
2021-03-24,7753,2021,24,83,12,0,1,2,24,83,3,0,0,0,3,24,83,83,24,3,0,0,0
2021-03-25,7754,2021,25,84,12,0,1,3,25,84,3,0,0,0,3,25,84,84,25,3,0,0,0
2021-03-26,7755,2021,26,85,12,0,1,4,26,85,3,0,0,0,3,26,85,85,26,3,0,0,0
2021-03-27,7756,2021,27,86,12,0,0,5,27,86,3,0,0,0,3,27,86,86,27,3,0,0,0
2021-03-28,7757,2021,28,87,12,0,0,6,28,87,3,0,0,0,3,28,87,87,28,3,0,0,0
2021-03-29,7758,2021,29,88,13,0,1,0,29,88,3,0,0,0,3,29,88,88,29,3,0,0,0
2021-03-30,7759,2021,30,89,13,0,1,1,30,89,3,0,0,0,3,30,89,89,30,3,0,0,0
2021-03-31,7760,2021,31,90,13,0,1,2,31,90,3,0,0,0,3,31,90,90,31,3,0,0,0
2021-04-01,7761,2021,1,91,13,0,1,3,1,91,4,0,0,0,4,1,91,91,1,4,0,0,0
2021-04-02,7762,2021,2,92,13,0,1,4,2,92,4,0,0,0,4,2,92,92,2,4,0,0,0
2021-04-03,7763,2021,3,93,13,0,0,5,3,93,4,0,0,0,4,3,93,93,3,4,0,0,0
2021-04-04,7764,2021,4,94,13,0,0,6,4,94,4,0,0,0,4,4,94,94,4,4,0,0,0
2021-04-05,7765,2021,5,95,14,0,1,0,5,95,4,0,0,0,4,5,95,95,5,4,0,0,0
2021-04-06,7766,2021,6,96,14,0,1,1,6,96,4,0,0,0,4,6,96,96,6,4,0,0,0
2021-04-07,7767,2021,7,97,14,0,1,2,7,97,4,0,0,0,4,7,97,97,7,4,0,0,0
2021-04-08,7768,2021,8,98,14,0,1,3,8,98,4,0,0,0,4,8,98,98,8,4,0,0,0
2021-04-09,7769,2021,9,99,14,0,1,4,9,99,4,0,0,0,4,9,99,99,9,4,0,0,0
2021-04-10,7770,2021,10,100,14,0,0,5,10,100,4,0,0,0,4,10,100,100,10,4,0,0,0
2021-04-11,7771,2021,11,101,14,0,0,6,11,101,4,0,0,0,4,11,101,101,11,4,0,0,0
2021-04-12,7772,2021,12,102,15,0,1,0,12,102,4,0,0,0,4,12,102,102,12,4,0,0,0
2021-04-13,7773,2021,13,103,15,0,1,1,13,103,4,0,0,0,4,13,103,103,13,4,0,0,0
2021-04-14,7774,2021,14,104,15,0,1,2,14,104,4,0,0,0,4,14,104,104,14,4,0,0,0
2021-04-15,7775,2021,15,105,15,0,1,3,15,105,4,0,0,0,4,15,105,105,15,4,0,0,0
2021-04-16,7776,2021,16,106,15,0,1,4,16,106,4,0,0,0,4,16,106,106,16,4,0,0,0
2021-04-17,7777,2021,17,107,15,0,0,5,17,107,4,0,0,0,4,17,107,107,17,4,0,0,0
2021-04-18,7778,2021,18,108,15,0,0,6,18,108,4,0,0,0,4,18,108,108,18,4,0,0,0
2021-04-19,7779,2021,19,109,16,0,1,0,19,109,4,0,0,0,4,19,109,109,19,4,0,0,0
2021-04-20,7780,2021,20,110,16,0,1,1,20,110,4,0,0,0,4,20,110,110,20,4,0,0,0
2021-04-21,7781,2021,21,111,16,0,1,2,21,111,4,0,0,0,4,21,111,111,21,4,0,0,0
2021-04-22,7782,2021,22,112,16,0,1,3,22,112,4,0,0,0,4,22,112,112,22,4,0,0,0
2021-04-23,7783,2021,23,113,16,0,1,4,23,113,4,0,0,0,4,23,113,113,23,4,0,0,0
2021-04-24,7784,2021,24,114,16,0,0,5,24,114,4,0,0,0,4,24,114,114,24,4,0,0,0
2021-04-25,7785,2021,25,115,16,0,0,6,25,115,4,0,0,0,4,25,115,115,25,4,0,0,0
2021-04-26,7786,2021,26,116,17,0,1,0,26,116,4,0,0,0,4,26,116,116,26,4,0,0,0
2021-04-27,7787,2021,27,117,17,0,1,1,27,117,4,0,0,0,4,27,117,117,27,4,0,0,0
2021-04-28,7788,2021,28,118,17,0,1,2,28,118,4,0,0,0,4,28,118,118,28,4,0,0,0
2021-04-29,7789,2021,29,119,17,0,1,3,29,119,4,0,0,0,4,29,119,119,29,4,0,0,0
2021-04-30,7790,2021,30,120,17,0,1,4,30,120,4,0,0,0,4,30,120,120,30,4,0,0,0
2021-05-01,7791,2021,1,121,17,0,0,5,1,121,5,0,0,0,5,1,121,121,1,5,0,0,0
2021-05-02,7792,2021,2,122,17,0,0,6,2,122,5,0,0,0,5,2,122,122,2,5,0,0,0
2021-05-03,7793,2021,3,123,18,0,1,0,3,123,5,0,0,0,5,3,123,123,3,5,0,0,0
2021-05-04,7794,2021,4,124,18,0,1,1,4,124,5,0,0,0,5,4,124,124,4,5,0,0,0
2021-05-05,7795,2021,5,125,18,0,1,2,5,125,5,0,0,0,5,5,125,125,5,5,0,0,0
2021-05-06,7796,2021,6,126,18,0,1,3,6,126,5,0,0,0,5,6,126,126,6,5,0,0,0
2021-05-07,7797,2021,7,127,18,0,1,4,7,127,5,0,0,0,5,7,127,127,7,5,0,0,0
2021-05-08,7798,2021,8,128,18,0,0,5,8,128,5,0,0,0,5,8,128,128,8,5,0,0,0
2021-05-09,7799,2021,9,129,18,0,0,6,9,129,5,0,0,0,5,9,129,129,9,5,0,0,0
2021-05-10,7800,2021,10,130,19,0,1,0,10,130,5,0,0,0,5,10,130,130,10,5,0,0,0
2021-05-11,7801,2021,11,131,19,0,1,1,11,131,5,0,0,0,5,11,131,131,11,5,0,0,0
2021-05-12,7802,2021,12,132,19,0,1,2,12,132,5,0,0,0,5,12,132,132,12,5,0,0,0
2021-05-13,7803,2021,13,133,19,0,1,3,13,133,5,0,0,0,5,13,133,133,13,5,0,0,0
2021-05-14,7804,2021,14,134,19,0,1,4,14,134,5,0,0,0,5,14,134,134,14,5,0,0,0
2021-05-15,7805,2021,15,135,19,0,0,5,15,135,5,0,0,0,5,15,135,135,15,5,0,0,0
2021-05-16,7806,2021,16,136,19,0,0,6,16,136,5,0,0,0,5,16,136,136,16,5,0,0,0
2021-05-17,7807,2021,17,137,20,0,1,0,17,137,5,0,0,0,5,17,137,137,17,5,0,0,0
2021-05-18,7808,2021,18,138,20,0,1,1,18,138,5,0,0,0,5,18,138,138,18,5,0,0,0
2021-05-19,7809,2021,19,139,20,0,1,2,19,139,5,0,0,0,5,19,139,139,19,5,0,0,0
2021-05-20,7810,2021,20,140,20,0,1,3,20,140,5,0,0,0,5,20,140,140,20,5,0,0,0
2021-05-21,7811,2021,21,141,20,0,1,4,21,141,5,0,0,0,5,21,141,141,21,5,0,0,0
2021-05-22,7812,2021,22,142,20,0,0,5,22,142,5,0,0,0,5,22,142,142,22,5,0,0,0
2021-05-23,7813,2021,23,143,20,0,0,6,23,143,5,0,0,0,5,23,143,143,23,5,0,0,0
2021-05-24,7814,2021,24,144,21,0,1,0,24,144,5,0,0,0,5,24,144,144,24,5,0,0,0
2021-05-25,7815,2021,25,145,21,0,1,1,25,145,5,0,0,0,5,25,145,145,25,5,0,0,0
2021-05-26,7816,2021,26,146,21,0,1,2,26,146,5,0,0,0,5,26,146,146,26,5,0,0,0
2021-05-27,7817,2021,27,147,21,0,1,3,27,147,5,0,0,0,5,27,147,147,27,5,0,0,0
2021-05-28,7818,2021,28,148,21,0,1,4,28,148,5,0,0,0,5,28,148,148,28,5,0,0,0
2021-05-29,7819,2021,29,149,21,0,0,5,29,149,5,0,0,0,5,29,149,149,29,5,0,0,0
2021-05-30,7820,2021,30,150,21,0,0,6,30,150,5,0,0,0,5,30,150,150,30,5,0,0,0
2021-05-31,7821,2021,31,151,22,0,1,0,31,151,5,0,0,0,5,31,151,151,31,5,0,0,0
2021-06-01,7822,2021,1,152,22,0,1,1,1,152,6,0,0,0,6,1,152,152,1,6,0,0,0
2021-06-02,7823,2021,2,153,22,0,1,2,2,153,6,0,0,0,6,2,153,153,2,6,0,0,0
2021-06-03,7824,2021,3,154,22,0,1,3,3,154,6,0,0,0,6,3,154,154,3,6,0,0,0
2021-06-04,7825,2021,4,155,22,0,1,4,4,155,6,0,0,0,6,4,155,155,4,6,0,0,0
2021-06-05,7826,2021,5,156,22,0,0,5,5,156,6,0,0,0,6,5,156,156,5,6,0,0,0
2021-06-06,7827,2021,6,157,22,0,0,6,6,157,6,0,0,0,6,6,157,157,6,6,0,0,0
2021-06-07,7828,2021,7,158,23,0,1,0,7,158,6,0,0,0,6,7,158,158,7,6,0,0,0
2021-06-08,7829,2021,8,159,23,0,1,1,8,159,6,0,0,0,6,8,159,159,8,6,0,0,0
2021-06-09,7830,2021,9,160,23,0,1,2,9,160,6,0,0,0,6,9,160,160,9,6,0,0,0
2021-06-10,7831,2021,10,161,23,0,1,3,10,161,6,0,0,0,6,10,161,161,10,6,0,0,0
2021-06-11,7832,2021,11,162,23,0,1,4,11,162,6,0,0,0,6,11,162,162,11,6,0,0,0
2021-06-12,7833,2021,12,163,23,0,0,5,12,163,6,0,0,0,6,12,163,163,12,6,0,0,0
2021-06-13,7834,2021,13,164,23,0,0,6,13,164,6,0,0,0,6,13,164,164,13,6,0,0,0
2021-06-14,7835,2021,14,165,24,0,1,0,14,165,6,0,0,0,6,14,165,165,14,6,0,0,0
2021-06-15,7836,2021,15,166,24,0,1,1,15,166,6,0,0,0,6,15,166,166,15,6,0,0,0
2021-06-16,7837,2021,16,167,24,0,1,2,16,167,6,0,0,0,6,16,167,167,16,6,0,0,0
2021-06-17,7838,2021,17,168,24,0,1,3,17,168,6,0,0,0,6,17,168,168,17,6,0,0,0
2021-06-18,7839,2021,18,169,24,0,1,4,18,169,6,0,0,0,6,18,169,169,18,6,0,0,0
2021-06-19,7840,2021,19,170,24,0,0,5,19,170,6,0,0,0,6,19,170,170,19,6,0,0,0
2021-06-20,7841,2021,20,171,24,0,0,6,20,171,6,0,0,0,6,20,171,171,20,6,0,0,0
2021-06-21,7842,2021,21,172,25,0,1,0,21,172,6,0,0,0,6,21,172,172,21,6,0,0,0
2021-06-22,7843,2021,22,173,25,0,1,1,22,173,6,0,0,0,6,22,173,173,22,6,0,0,0
2021-06-23,7844,2021,23,174,25,0,1,2,23,174,6,0,0,0,6,23,174,174,23,6,0,0,0
2021-06-24,7845,2021,24,175,25,0,1,3,24,175,6,0,0,0,6,24,175,175,24,6,0,0,0
2021-06-25,7846,2021,25,176,25,0,1,4,25,176,6,0,0,0,6,25,176,176,25,6,0,0,0
2021-06-26,7847,2021,26,177,25,0,0,5,26,177,6,0,0,0,6,26,177,177,26,6,0,0,0
2021-06-27,7848,2021,27,178,25,0,0,6,27,178,6,0,0,0,6,27,178,178,27,6,0,0,0
2021-06-28,7849,2021,28,179,26,0,1,0,28,179,6,0,0,0,6,28,179,179,28,6,0,0,0
2021-06-29,7850,2021,29,180,26,0,1,1,29,180,6,0,0,0,6,29,180,180,29,6,0,0,0
2021-06-30,7851,2021,30,181,26,0,1,2,30,181,6,0,0,0,6,30,181,181,30,6,0,0,0
2021-07-01,7852,2021,1,182,26,0,1,3,1,182,7,0,0,0,7,1,182,182,1,7,0,0,0
2021-07-02,7853,2021,2,183,26,0,1,4,2,183,7,0,0,0,7,2,183,183,2,7,0,0,0
2021-07-03,7854,2021,3,184,26,0,0,5,3,184,7,0,0,0,7,3,184,184,3,7,0,0,0
2021-07-04,7855,2021,4,185,26,0,0,6,4,185,7,0,0,0,7,4,185,185,4,7,0,0,0
2021-07-05,7856,2021,5,186,27,0,1,0,5,186,7,0,0,0,7,5,186,186,5,7,0,0,0
2021-07-06,7857,2021,6,187,27,0,1,1,6,187,7,0,0,0,7,6,187,187,6,7,0,0,0
2021-07-07,7858,2021,7,188,27,0,1,2,7,188,7,0,0,0,7,7,188,188,7,7,0,0,0
2021-07-08,7859,2021,8,189,27,0,1,3,8,189,7,0,0,0,7,8,189,189,8,7,0,0,0
2021-07-09,7860,2021,9,190,27,0,1,4,9,190,7,0,0,0,7,9,190,190,9,7,0,0,0
2021-07-10,7861,2021,10,191,27,0,0,5,10,191,7,0,0,0,7,10,191,191,10,7,0,0,0
2021-07-11,7862,2021,11,192,27,0,0,6,11,192,7,0,0,0,7,11,192,192,11,7,0,0,0
2021-07-12,7863,2021,12,193,28,0,1,0,12,193,7,0,0,0,7,12,193,193,12,7,0,0,0
2021-07-13,7864,2021,13,194,28,0,1,1,13,194,7,0,0,0,7,13,194,194,13,7,0,0,0
2021-07-14,7865,2021,14,195,28,0,1,2,14,195,7,0,0,0,7,14,195,195,14,7,0,0,0
2021-07-15,7866,2021,15,196,28,0,1,3,15,196,7,0,0,0,7,15,196,196,15,7,0,0,0
2021-07-16,7867,2021,16,197,28,0,1,4,16,197,7,0,0,0,7,16,197,197,16,7,0,0,0
2021-07-17,7868,2021,17,198,28,0,0,5,17,198,7,0,0,0,7,17,198,198,17,7,0,0,0
2021-07-18,7869,2021,18,199,28,0,0,6,18,199,7,0,0,0,7,18,199,199,18,7,0,0,0
2021-07-19,7870,2021,19,200,29,0,1,0,19,200,7,0,0,0,7,19,200,200,19,7,0,0,0
2021-07-20,7871,2021,20,201,29,0,1,1,20,201,7,0,0,0,7,20,201,201,20,7,0,0,0
2021-07-21,7872,2021,21,202,29,0,1,2,21,202,7,0,0,0,7,21,202,202,21,7,0,0,0
2021-07-22,7873,2021,22,203,29,0,1,3,22,203,7,0,0,0,7,22,203,203,22,7,0,0,0
2021-07-23,7874,2021,23,204,29,0,1,4,23,204,7,0,0,0,7,23,204,204,23,7,0,0,0
2021-07-24,7875,2021,24,205,29,0,0,5,24,205,7,0,0,0,7,24,205,205,24,7,0,0,0
2021-07-25,7876,2021,25,206,29,0,0,6,25,206,7,0,0,0,7,25,206,206,25,7,0,0,0
2021-07-26,7877,2021,26,207,30,0,1,0,26,207,7,0,0,0,7,26,207,207,26,7,0,0,0
2021-07-27,7878,2021,27,208,30,0,1,1,27,208,7,0,0,0,7,27,208,208,27,7,0,0,0
2021-07-28,7879,2021,28,209,30,0,1,2,28,209,7,0,0,0,7,28,209,209,28,7,0,0,0
2021-07-29,7880,2021,29,210,30,0,1,3,29,210,7,0,0,0,7,29,210,210,29,7,0,0,0
2021-07-30,7881,2021,30,211,30,0,1,4,30,211,7,0,0,0,7,30,211,211,30,7,0,0,0
2021-07-31,7882,2021,31,212,30,0,0,5,31,212,7,0,0,0,7,31,212,212,31,7,0,0,0
2021-08-01,7883,2021,1,213,30,0,0,6,1,213,8,0,0,0,8,1,213,213,1,8,0,0,0
2021-08-02,7884,2021,2,214,31,0,1,0,2,214,8,0,0,0,8,2,214,214,2,8,0,0,0
2021-08-03,7885,2021,3,215,31,0,1,1,3,215,8,0,0,0,8,3,215,215,3,8,0,0,0
2021-08-04,7886,2021,4,216,31,0,1,2,4,216,8,0,0,0,8,4,216,216,4,8,0,0,0
2021-08-05,7887,2021,5,217,31,0,1,3,5,217,8,0,0,0,8,5,217,217,5,8,0,0,0
2021-08-06,7888,2021,6,218,31,0,1,4,6,218,8,0,0,0,8,6,218,218,6,8,0,0,0
2021-08-07,7889,2021,7,219,31,0,0,5,7,219,8,0,0,0,8,7,219,219,7,8,0,0,0
2021-08-08,7890,2021,8,220,31,0,0,6,8,220,8,0,0,0,8,8,220,220,8,8,0,0,0
2021-08-09,7891,2021,9,221,32,0,1,0,9,221,8,0,0,0,8,9,221,221,9,8,0,0,0
2021-08-10,7892,2021,10,222,32,0,1,1,10,222,8,0,0,0,8,10,222,222,10,8,0,0,0
2021-08-11,7893,2021,11,223,32,0,1,2,11,223,8,0,0,0,8,11,223,223,11,8,0,0,0
2021-08-12,7894,2021,12,224,32,0,1,3,12,224,8,0,0,0,8,12,224,224,12,8,0,0,0
2021-08-13,7895,2021,13,225,32,0,1,4,13,225,8,0,0,0,8,13,225,225,13,8,0,0,0
2021-08-14,7896,2021,14,226,32,0,0,5,14,226,8,0,0,0,8,14,226,226,14,8,0,0,0
2021-08-15,7897,2021,15,227,32,1,0,6,15,227,8,0,0,0,8,15,227,227,15,8,0,0,0
2021-08-16,7898,2021,16,228,33,0,1,0,16,228,8,0,0,0,8,16,228,228,16,8,0,0,0
2021-08-17,7899,2021,17,229,33,0,1,1,17,229,8,0,0,0,8,17,229,229,17,8,0,0,0
2021-08-18,7900,2021,18,230,33,0,1,2,18,230,8,0,0,0,8,18,230,230,18,8,0,0,0
2021-08-19,7901,2021,19,231,33,0,1,3,19,231,8,0,0,0,8,19,231,231,19,8,0,0,0
2021-08-20,7902,2021,20,232,33,0,1,4,20,232,8,0,0,0,8,20,232,232,20,8,0,0,0
2021-08-21,7903,2021,21,233,33,0,0,5,21,233,8,0,0,0,8,21,233,233,21,8,0,0,0
2021-08-22,7904,2021,22,234,33,0,0,6,22,234,8,0,0,0,8,22,234,234,22,8,0,0,0
2021-08-23,7905,2021,23,235,34,0,1,0,23,235,8,0,0,0,8,23,235,235,23,8,0,0,0
2021-08-24,7906,2021,24,236,34,0,1,1,24,236,8,0,0,0,8,24,236,236,24,8,0,0,0
2021-08-25,7907,2021,25,237,34,0,1,2,25,237,8,0,0,0,8,25,237,237,25,8,0,0,0
2021-08-26,7908,2021,26,238,34,0,1,3,26,238,8,0,0,0,8,26,238,238,26,8,0,0,0
2021-08-27,7909,2021,27,239,34,0,1,4,27,239,8,0,0,0,8,27,239,239,27,8,0,0,0
2021-08-28,7910,2021,28,240,34,0,0,5,28,240,8,0,0,0,8,28,240,240,28,8,0,0,0
2021-08-29,7911,2021,29,241,34,0,0,6,29,241,8,0,0,0,8,29,241,241,29,8,0,0,0
2021-08-30,7912,2021,30,242,35,0,1,0,30,242,8,0,0,0,8,30,242,242,30,8,0,0,0
2021-08-31,7913,2021,31,243,35,0,1,1,31,243,8,0,0,0,8,31,243,243,31,8,0,0,0
2021-09-01,7914,2021,1,244,35,0,1,2,1,244,9,0,0,0,9,1,244,244,1,9,0,0,0
2021-09-02,7915,2021,2,245,35,0,1,3,2,245,9,0,0,0,9,2,245,245,2,9,0,0,0
2021-09-03,7916,2021,3,246,35,0,1,4,3,246,9,0,0,0,9,3,246,246,3,9,0,0,0
2021-09-04,7917,2021,4,247,35,0,0,5,4,247,9,0,0,0,9,4,247,247,4,9,0,0,0
2021-09-05,7918,2021,5,248,35,0,0,6,5,248,9,0,0,0,9,5,248,248,5,9,0,0,0
2021-09-06,7919,2021,6,249,36,0,1,0,6,249,9,0,0,0,9,6,249,249,6,9,0,0,0
2021-09-07,7920,2021,7,250,36,0,1,1,7,250,9,0,0,0,9,7,250,250,7,9,0,0,0
2021-09-08,7921,2021,8,251,36,0,1,2,8,251,9,0,0,0,9,8,251,251,8,9,0,0,0
2021-09-09,7922,2021,9,252,36,0,1,3,9,252,9,0,0,0,9,9,252,252,9,9,0,0,0
2021-09-10,7923,2021,10,253,36,0,1,4,10,253,9,0,0,0,9,10,253,253,10,9,0,0,0
2021-09-11,7924,2021,11,254,36,0,0,5,11,254,9,0,0,0,9,11,254,254,11,9,0,0,0
2021-09-12,7925,2021,12,255,36,0,0,6,12,255,9,0,0,0,9,12,255,255,12,9,0,0,0
2021-09-13,7926,2021,13,256,37,0,1,0,13,256,9,0,0,0,9,13,256,256,13,9,0,0,0
2021-09-14,7927,2021,14,257,37,0,1,1,14,257,9,0,0,0,9,14,257,257,14,9,0,0,0
2021-09-15,7928,2021,15,258,37,0,1,2,15,258,9,0,0,0,9,15,258,258,15,9,0,0,0
2021-09-16,7929,2021,16,259,37,0,1,3,16,259,9,0,0,0,9,16,259,259,16,9,0,0,0
2021-09-17,7930,2021,17,260,37,0,1,4,17,260,9,0,0,0,9,17,260,260,17,9,0,0,0
2021-09-18,7931,2021,18,261,37,0,0,5,18,261,9,0,0,0,9,18,261,261,18,9,0,0,0
2021-09-19,7932,2021,19,262,37,0,0,6,19,262,9,0,0,0,9,19,262,262,19,9,0,0,0
2021-09-20,7933,2021,20,263,38,0,1,0,20,263,9,0,0,0,9,20,263,263,20,9,0,0,0
2021-09-21,7934,2021,21,264,38,0,1,1,21,264,9,0,0,0,9,21,264,264,21,9,0,0,0
2021-09-22,7935,2021,22,265,38,0,1,2,22,265,9,0,0,0,9,22,265,265,22,9,0,0,0
2021-09-23,7936,2021,23,266,38,0,1,3,23,266,9,0,0,0,9,23,266,266,23,9,0,0,0
2021-09-24,7937,2021,24,267,38,0,1,4,24,267,9,0,0,0,9,24,267,267,24,9,0,0,0
2021-09-25,7938,2021,25,268,38,0,0,5,25,268,9,0,0,0,9,25,268,268,25,9,0,0,0
2021-09-26,7939,2021,26,269,38,0,0,6,26,269,9,0,0,0,9,26,269,269,26,9,0,0,0
2021-09-27,7940,2021,27,270,39,0,1,0,27,270,9,0,0,0,9,27,270,270,27,9,0,0,0
2021-09-28,7941,2021,28,271,39,0,1,1,28,271,9,0,0,0,9,28,271,271,28,9,0,0,0
2021-09-29,7942,2021,29,272,39,0,1,2,29,272,9,0,0,0,9,29,272,272,29,9,0,0,0
2021-09-30,7943,2021,30,273,39,0,1,3,30,273,9,0,0,0,9,30,273,273,30,9,0,0,0
2021-10-01,7944,2021,1,274,39,0,1,4,1,274,10,0,0,0,10,1,274,274,1,10,0,0,0
2021-10-02,7945,2021,2,275,39,1,0,5,2,275,10,0,0,0,10,2,275,275,2,10,0,0,0
2021-10-03,7946,2021,3,276,39,0,0,6,3,276,10,0,0,0,10,3,276,276,3,10,0,0,0
2021-10-04,7947,2021,4,277,40,0,1,0,4,277,10,0,0,0,10,4,277,277,4,10,0,0,0
2021-10-05,7948,2021,5,278,40,0,1,1,5,278,10,0,0,0,10,5,278,278,5,10,0,0,0
2021-10-06,7949,2021,6,279,40,0,1,2,6,279,10,0,0,0,10,6,279,279,6,10,0,0,0
2021-10-07,7950,2021,7,280,40,0,1,3,7,280,10,0,0,0,10,7,280,280,7,10,0,0,0
2021-10-08,7951,2021,8,281,40,0,1,4,8,281,10,0,0,0,10,8,281,281,8,10,0,0,0
2021-10-09,7952,2021,9,282,40,0,0,5,9,282,10,0,0,0,10,9,282,282,9,10,0,0,0
2021-10-10,7953,2021,10,283,40,0,0,6,10,283,10,0,0,0,10,10,283,283,10,10,0,0,0
2021-10-11,7954,2021,11,284,41,0,1,0,11,284,10,0,0,0,10,11,284,284,11,10,0,0,0
2021-10-12,7955,2021,12,285,41,0,1,1,12,285,10,0,0,0,10,12,285,285,12,10,0,0,0
2021-10-13,7956,2021,13,286,41,0,1,2,13,286,10,0,0,0,10,13,286,286,13,10,0,0,0
2021-10-14,7957,2021,14,287,41,0,1,3,14,287,10,0,0,0,10,14,287,287,14,10,0,0,0
2021-10-15,7958,2021,15,288,41,0,1,4,15,288,10,0,0,0,10,15,288,288,15,10,0,0,0
2021-10-16,7959,2021,16,289,41,0,0,5,16,289,10,0,0,0,10,16,289,289,16,10,0,0,0
2021-10-17,7960,2021,17,290,41,0,0,6,17,290,10,0,0,0,10,17,290,290,17,10,0,0,0
2021-10-18,7961,2021,18,291,42,0,1,0,18,291,10,0,0,0,10,18,291,291,18,10,0,0,0
2021-10-19,7962,2021,19,292,42,0,1,1,19,292,10,0,0,0,10,19,292,292,19,10,0,0,0
2021-10-20,7963,2021,20,293,42,0,1,2,20,293,10,0,0,0,10,20,293,293,20,10,0,0,0
2021-10-21,7964,2021,21,294,42,0,1,3,21,294,10,0,0,0,10,21,294,294,21,10,0,0,0
2021-10-22,7965,2021,22,295,42,0,1,4,22,295,10,0,0,0,10,22,295,295,22,10,0,0,0
2021-10-23,7966,2021,23,296,42,0,0,5,23,296,10,0,0,0,10,23,296,296,23,10,0,0,0
2021-10-24,7967,2021,24,297,42,1,0,6,24,297,10,0,0,0,10,24,297,297,24,10,0,0,0
2021-10-25,7968,2021,25,298,43,0,1,0,25,298,10,0,0,0,10,25,298,298,25,10,0,0,0
2021-10-26,7969,2021,26,299,43,0,1,1,26,299,10,0,0,0,10,26,299,299,26,10,0,0,0
2021-10-27,7970,2021,27,300,43,0,1,2,27,300,10,0,0,0,10,27,300,300,27,10,0,0,0
2021-10-28,7971,2021,28,301,43,0,1,3,28,301,10,0,0,0,10,28,301,301,28,10,0,0,0
2021-10-29,7972,2021,29,302,43,0,1,4,29,302,10,0,0,0,10,29,302,302,29,10,0,0,0
2021-10-30,7973,2021,30,303,43,0,0,5,30,303,10,0,0,0,10,30,303,303,30,10,0,0,0
2021-10-31,7974,2021,31,304,43,0,0,6,31,304,10,0,0,0,10,31,304,304,31,10,0,0,0
2021-11-01,7975,2021,1,305,44,0,1,0,1,305,11,0,0,0,11,1,305,305,1,11,0,0,0
2021-11-02,7976,2021,2,306,44,0,1,1,2,306,11,0,0,0,11,2,306,306,2,11,0,0,0
2021-11-03,7977,2021,3,307,44,0,1,2,3,307,11,0,0,0,11,3,307,307,3,11,0,0,0
2021-11-04,7978,2021,4,308,44,0,1,3,4,308,11,0,0,0,11,4,308,308,4,11,0,0,0
2021-11-05,7979,2021,5,309,44,0,1,4,5,309,11,0,0,0,11,5,309,309,5,11,0,0,0
2021-11-06,7980,2021,6,310,44,0,0,5,6,310,11,0,0,0,11,6,310,310,6,11,0,0,0
2021-11-07,7981,2021,7,311,44,0,0,6,7,311,11,0,0,0,11,7,311,311,7,11,0,0,0
2021-11-08,7982,2021,8,312,45,0,1,0,8,312,11,0,0,0,11,8,312,312,8,11,0,0,0
2021-11-09,7983,2021,9,313,45,0,1,1,9,313,11,0,0,0,11,9,313,313,9,11,0,0,0
2021-11-10,7984,2021,10,314,45,0,1,2,10,314,11,0,0,0,11,10,314,314,10,11,0,0,0
2021-11-11,7985,2021,11,315,45,0,1,3,11,315,11,0,0,0,11,11,315,315,11,11,0,0,0
2021-11-12,7986,2021,12,316,45,0,1,4,12,316,11,0,0,0,11,12,316,316,12,11,0,0,0
2021-11-13,7987,2021,13,317,45,0,0,5,13,317,11,0,0,0,11,13,317,317,13,11,0,0,0
2021-11-14,7988,2021,14,318,45,1,0,6,14,318,11,0,0,0,11,14,318,318,14,11,0,0,0
2021-11-15,7989,2021,15,319,46,0,1,0,15,319,11,0,0,0,11,15,319,319,15,11,0,0,0
2021-11-16,7990,2021,16,320,46,0,1,1,16,320,11,0,0,0,11,16,320,320,16,11,0,0,0
2021-11-17,7991,2021,17,321,46,0,1,2,17,321,11,0,0,0,11,17,321,321,17,11,0,0,0
2021-11-18,7992,2021,18,322,46,0,1,3,18,322,11,0,0,0,11,18,322,322,18,11,0,0,0
2021-11-19,7993,2021,19,323,46,0,1,4,19,323,11,0,0,0,11,19,323,323,19,11,0,0,0
2021-11-20,7994,2021,20,324,46,0,0,5,20,324,11,0,0,0,11,20,324,324,20,11,0,0,0
2021-11-21,7995,2021,21,325,46,0,0,6,21,325,11,0,0,0,11,21,325,325,21,11,0,0,0
2021-11-22,7996,2021,22,326,47,0,1,0,22,326,11,0,0,0,11,22,326,326,22,11,0,0,0
2021-11-23,7997,2021,23,327,47,0,1,1,23,327,11,0,0,0,11,23,327,327,23,11,0,0,0
2021-11-24,7998,2021,24,328,47,0,1,2,24,328,11,0,0,0,11,24,328,328,24,11,0,0,0
2021-11-25,7999,2021,25,329,47,0,1,3,25,329,11,0,0,0,11,25,329,329,25,11,0,0,0
2021-11-26,8000,2021,26,330,47,0,1,4,26,330,11,0,0,0,11,26,330,330,26,11,0,0,0
2021-11-27,8001,2021,27,331,47,0,0,5,27,331,11,0,0,0,11,27,331,331,27,11,0,0,0
2021-11-28,8002,2021,28,332,47,0,0,6,28,332,11,0,0,0,11,28,332,332,28,11,0,0,0
2021-11-29,8003,2021,29,333,48,0,1,0,29,333,11,0,0,0,11,29,333,333,29,11,0,0,0
2021-11-30,8004,2021,30,334,48,0,1,1,30,334,11,0,0,0,11,30,334,334,30,11,0,0,0
2021-12-01,8005,2021,1,335,48,0,1,2,1,335,12,0,0,0,12,1,335,335,1,12,0,0,0
2021-12-02,8006,2021,2,336,48,0,1,3,2,336,12,0,0,0,12,2,336,336,2,12,0,0,0
2021-12-03,8007,2021,3,337,48,0,1,4,3,337,12,0,0,0,12,3,337,337,3,12,0,0,0
2021-12-04,8008,2021,4,338,48,0,0,5,4,338,12,0,0,0,12,4,338,338,4,12,0,0,0
2021-12-05,8009,2021,5,339,48,0,0,6,5,339,12,0,0,0,12,5,339,339,5,12,0,0,0
2021-12-06,8010,2021,6,340,49,0,1,0,6,340,12,0,0,0,12,6,340,340,6,12,0,0,0
2021-12-07,8011,2021,7,341,49,0,1,1,7,341,12,0,0,0,12,7,341,341,7,12,0,0,0
2021-12-08,8012,2021,8,342,49,0,1,2,8,342,12,0,0,0,12,8,342,342,8,12,0,0,0
2021-12-09,8013,2021,9,343,49,0,1,3,9,343,12,0,0,0,12,9,343,343,9,12,0,0,0
2021-12-10,8014,2021,10,344,49,0,1,4,10,344,12,0,0,0,12,10,344,344,10,12,0,0,0
2021-12-11,8015,2021,11,345,49,0,0,5,11,345,12,0,0,0,12,11,345,345,11,12,0,0,0
2021-12-12,8016,2021,12,346,49,0,0,6,12,346,12,0,0,0,12,12,346,346,12,12,0,0,0
2021-12-13,8017,2021,13,347,50,0,1,0,13,347,12,0,0,0,12,13,347,347,13,12,0,0,0
2021-12-14,8018,2021,14,348,50,0,1,1,14,348,12,0,0,0,12,14,348,348,14,12,0,0,0
2021-12-15,8019,2021,15,349,50,0,1,2,15,349,12,0,0,0,12,15,349,349,15,12,0,0,0
2021-12-16,8020,2021,16,350,50,0,1,3,16,350,12,0,0,0,12,16,350,350,16,12,0,0,0
2021-12-17,8021,2021,17,351,50,0,1,4,17,351,12,0,0,0,12,17,351,351,17,12,0,0,0
2021-12-18,8022,2021,18,352,50,0,0,5,18,352,12,0,0,0,12,18,352,352,18,12,0,0,0
2021-12-19,8023,2021,19,353,50,0,0,6,19,353,12,0,0,0,12,19,353,353,19,12,0,0,0
2021-12-20,8024,2021,20,354,51,0,1,0,20,354,12,0,0,0,12,20,354,354,20,12,0,0,0
2021-12-21,8025,2021,21,355,51,0,1,1,21,355,12,0,0,0,12,21,355,355,21,12,0,0,0
2021-12-22,8026,2021,22,356,51,0,1,2,22,356,12,0,0,0,12,22,356,356,22,12,0,0,0
2021-12-23,8027,2021,23,357,51,0,1,3,23,357,12,0,0,0,12,23,357,357,23,12,0,0,0
2021-12-24,8028,2021,24,358,51,0,1,4,24,358,12,0,0,0,12,24,358,358,24,12,0,0,0
2021-12-25,8029,2021,25,359,51,1,0,5,25,359,12,0,0,0,12,25,359,359,25,12,0,0,0
2021-12-26,8030,2021,26,360,51,0,0,6,26,360,12,0,0,0,12,26,360,360,26,12,0,0,0
2021-12-27,8031,2021,27,361,52,0,1,0,27,361,12,0,0,0,12,27,361,361,27,12,0,0,0
2021-12-28,8032,2021,28,362,52,0,1,1,28,362,12,0,0,0,12,28,362,362,28,12,0,0,0
2021-12-29,8033,2021,29,363,52,0,1,2,29,363,12,0,0,0,12,29,363,363,29,12,0,0,0
2021-12-30,8034,2021,30,364,52,0,1,3,30,364,12,0,0,0,12,30,364,364,30,12,0,0,0
2021-12-31,8035,2021,31,365,52,0,1,4,31,365,12,0,0,0,12,31,365,365,31,12,0,0,0
2022-01-01,8036,2022,1,1,52,1,0,5,1,1,1,0,0,0,1,1,1,1,1,1,0,0,0
2022-01-02,8037,2022,2,2,52,0,0,6,2,2,1,0,0,0,1,2,2,2,2,1,0,0,0
2022-01-03,8038,2022,3,3,1,0,1,0,3,3,1,0,0,0,1,3,3,3,3,1,0,0,0
2022-01-04,8039,2022,4,4,1,0,1,1,4,4,1,0,0,0,1,4,4,4,4,1,0,0,0
2022-01-05,8040,2022,5,5,1,0,1,2,5,5,1,0,0,0,1,5,5,5,5,1,0,0,0
2022-01-06,8041,2022,6,6,1,0,1,3,6,6,1,0,0,0,1,6,6,6,6,1,0,0,0
2022-01-07,8042,2022,7,7,1,0,1,4,7,7,1,0,0,0,1,7,7,7,7,1,0,0,0
2022-01-08,8043,2022,8,8,1,0,0,5,8,8,1,0,0,0,1,8,8,8,8,1,0,0,0
2022-01-09,8044,2022,9,9,1,0,0,6,9,9,1,0,0,0,1,9,9,9,9,1,0,0,0
2022-01-10,8045,2022,10,10,2,0,1,0,10,10,1,0,0,0,1,10,10,10,10,1,0,0,0
2022-01-11,8046,2022,11,11,2,0,1,1,11,11,1,0,0,0,1,11,11,11,11,1,0,0,0
2022-01-12,8047,2022,12,12,2,0,1,2,12,12,1,0,0,0,1,12,12,12,12,1,0,0,0
2022-01-13,8048,2022,13,13,2,0,1,3,13,13,1,0,0,0,1,13,13,13,13,1,0,0,0
2022-01-14,8049,2022,14,14,2,0,1,4,14,14,1,0,0,0,1,14,14,14,14,1,0,0,0
2022-01-15,8050,2022,15,15,2,0,0,5,15,15,1,0,0,0,1,15,15,15,15,1,0,0,0
2022-01-16,8051,2022,16,16,2,0,0,6,16,16,1,0,0,0,1,16,16,16,16,1,0,0,0
2022-01-17,8052,2022,17,17,3,0,1,0,17,17,1,0,0,0,1,17,17,17,17,1,0,0,0
2022-01-18,8053,2022,18,18,3,0,1,1,18,18,1,0,0,0,1,18,18,18,18,1,0,0,0
2022-01-19,8054,2022,19,19,3,0,1,2,19,19,1,0,0,0,1,19,19,19,19,1,0,0,0
2022-01-20,8055,2022,20,20,3,0,1,3,20,20,1,0,0,0,1,20,20,20,20,1,0,0,0
2022-01-21,8056,2022,21,21,3,0,1,4,21,21,1,0,0,0,1,21,21,21,21,1,0,0,0
2022-01-22,8057,2022,22,22,3,0,0,5,22,22,1,0,0,0,1,22,22,22,22,1,0,0,0
2022-01-23,8058,2022,23,23,3,0,0,6,23,23,1,0,0,0,1,23,23,23,23,1,0,0,0
2022-01-24,8059,2022,24,24,4,0,1,0,24,24,1,0,0,0,1,24,24,24,24,1,0,0,0
2022-01-25,8060,2022,25,25,4,0,1,1,25,25,1,0,0,0,1,25,25,25,25,1,0,0,0
2022-01-26,8061,2022,26,26,4,1,1,2,26,26,1,0,0,0,1,26,26,26,26,1,0,0,0
2022-01-27,8062,2022,27,27,4,0,1,3,27,27,1,0,0,0,1,27,27,27,27,1,0,0,0
2022-01-28,8063,2022,28,28,4,0,1,4,28,28,1,0,0,0,1,28,28,28,28,1,0,0,0
2022-01-29,8064,2022,29,29,4,0,0,5,29,29,1,0,0,0,1,29,29,29,29,1,0,0,0
2022-01-30,8065,2022,30,30,4,0,0,6,30,30,1,0,0,0,1,30,30,30,30,1,0,0,0
2022-01-31,8066,2022,31,31,5,0,1,0,31,31,1,0,0,0,1,31,31,31,31,1,0,0,0
2022-02-01,8067,2022,1,32,5,0,1,1,1,32,2,0,0,0,2,1,32,32,1,2,0,0,0
2022-02-02,8068,2022,2,33,5,0,1,2,2,33,2,0,0,0,2,2,33,33,2,2,0,0,0
2022-02-03,8069,2022,3,34,5,0,1,3,3,34,2,0,0,0,2,3,34,34,3,2,0,0,0
2022-02-04,8070,2022,4,35,5,0,1,4,4,35,2,0,0,0,2,4,35,35,4,2,0,0,0
2022-02-05,8071,2022,5,36,5,0,0,5,5,36,2,0,0,0,2,5,36,36,5,2,0,0,0
2022-02-06,8072,2022,6,37,5,0,0,6,6,37,2,0,0,0,2,6,37,37,6,2,0,0,0
2022-02-07,8073,2022,7,38,6,0,1,0,7,38,2,0,0,0,2,7,38,38,7,2,0,0,0
2022-02-08,8074,2022,8,39,6,0,1,1,8,39,2,0,0,0,2,8,39,39,8,2,0,0,0
2022-02-09,8075,2022,9,40,6,0,1,2,9,40,2,0,0,0,2,9,40,40,9,2,0,0,0
2022-02-10,8076,2022,10,41,6,0,1,3,10,41,2,0,0,0,2,10,41,41,10,2,0,0,0
2022-02-11,8077,2022,11,42,6,0,1,4,11,42,2,0,0,0,2,11,42,42,11,2,0,0,0
2022-02-12,8078,2022,12,43,6,0,0,5,12,43,2,0,0,0,2,12,43,43,12,2,0,0,0
2022-02-13,8079,2022,13,44,6,0,0,6,13,44,2,0,0,0,2,13,44,44,13,2,0,0,0
2022-02-14,8080,2022,14,45,7,0,1,0,14,45,2,0,0,0,2,14,45,45,14,2,0,0,0
2022-02-15,8081,2022,15,46,7,0,1,1,15,46,2,0,0,0,2,15,46,46,15,2,0,0,0
2022-02-16,8082,2022,16,47,7,0,1,2,16,47,2,0,0,0,2,16,47,47,16,2,0,0,0
2022-02-17,8083,2022,17,48,7,0,1,3,17,48,2,0,0,0,2,17,48,48,17,2,0,0,0
2022-02-18,8084,2022,18,49,7,0,1,4,18,49,2,0,0,0,2,18,49,49,18,2,0,0,0
2022-02-19,8085,2022,19,50,7,0,0,5,19,50,2,0,0,0,2,19,50,50,19,2,0,0,0
2022-02-20,8086,2022,20,51,7,0,0,6,20,51,2,0,0,0,2,20,51,51,20,2,0,0,0
2022-02-21,8087,2022,21,52,8,0,1,0,21,52,2,0,0,0,2,21,52,52,21,2,0,0,0
2022-02-22,8088,2022,22,53,8,0,1,1,22,53,2,0,0,0,2,22,53,53,22,2,0,0,0
2022-02-23,8089,2022,23,54,8,0,1,2,23,54,2,0,0,0,2,23,54,54,23,2,0,0,0
2022-02-24,8090,2022,24,55,8,0,1,3,24,55,2,0,0,0,2,24,55,55,24,2,0,0,0
2022-02-25,8091,2022,25,56,8,0,1,4,25,56,2,0,0,0,2,25,56,56,25,2,0,0,0
2022-02-26,8092,2022,26,57,8,0,0,5,26,57,2,0,0,0,2,26,57,57,26,2,0,0,0
2022-02-27,8093,2022,27,58,8,0,0,6,27,58,2,0,0,0,2,27,58,58,27,2,0,0,0
2022-02-28,8094,2022,28,59,9,0,1,0,28,59,2,0,0,0,2,28,59,59,28,2,0,0,0
2022-03-01,8095,2022,1,60,9,0,1,1,1,60,3,0,0,0,3,1,60,60,1,3,0,0,0
2022-03-02,8096,2022,2,61,9,0,1,2,2,61,3,0,0,0,3,2,61,61,2,3,0,0,0
2022-03-03,8097,2022,3,62,9,0,1,3,3,62,3,0,0,0,3,3,62,62,3,3,0,0,0
2022-03-04,8098,2022,4,63,9,0,1,4,4,63,3,0,0,0,3,4,63,63,4,3,0,0,0
2022-03-05,8099,2022,5,64,9,0,0,5,5,64,3,0,0,0,3,5,64,64,5,3,0,0,0
2022-03-06,8100,2022,6,65,9,0,0,6,6,65,3,0,0,0,3,6,65,65,6,3,0,0,0
2022-03-07,8101,2022,7,66,10,0,1,0,7,66,3,0,0,0,3,7,66,66,7,3,0,0,0
2022-03-08,8102,2022,8,67,10,0,1,1,8,67,3,0,0,0,3,8,67,67,8,3,0,0,0
2022-03-09,8103,2022,9,68,10,0,1,2,9,68,3,0,0,0,3,9,68,68,9,3,0,0,0
2022-03-10,8104,2022,10,69,10,0,1,3,10,69,3,0,0,0,3,10,69,69,10,3,0,0,0
2022-03-11,8105,2022,11,70,10,0,1,4,11,70,3,0,0,0,3,11,70,70,11,3,0,0,0
2022-03-12,8106,2022,12,71,10,0,0,5,12,71,3,0,0,0,3,12,71,71,12,3,0,0,0
2022-03-13,8107,2022,13,72,10,0,0,6,13,72,3,0,0,0,3,13,72,72,13,3,0,0,0
2022-03-14,8108,2022,14,73,11,0,1,0,14,73,3,0,0,0,3,14,73,73,14,3,0,0,0
2022-03-15,8109,2022,15,74,11,0,1,1,15,74,3,0,0,0,3,15,74,74,15,3,0,0,0
2022-03-16,8110,2022,16,75,11,0,1,2,16,75,3,0,0,0,3,16,75,75,16,3,0,0,0
2022-03-17,8111,2022,17,76,11,0,1,3,17,76,3,0,0,0,3,17,76,76,17,3,0,0,0
2022-03-18,8112,2022,18,77,11,0,1,4,18,77,3,0,0,0,3,18,77,77,18,3,0,0,0
2022-03-19,8113,2022,19,78,11,0,0,5,19,78,3,0,0,0,3,19,78,78,19,3,0,0,0
2022-03-20,8114,2022,20,79,11,0,0,6,20,79,3,0,0,0,3,20,79,79,20,3,0,0,0
2022-03-21,8115,2022,21,80,12,0,1,0,21,80,3,0,0,0,3,21,80,80,21,3,0,0,0
2022-03-22,8116,2022,22,81,12,0,1,1,22,81,3,0,0,0,3,22,81,81,22,3,0,0,0
2022-03-23,8117,2022,23,82,12,0,1,2,23,82,3,0,0,0,3,23,82,82,23,3,0,0,0
2022-03-24,8118,2022,24,83,12,0,1,3,24,83,3,0,0,0,3,24,83,83,24,3,0,0,0
2022-03-25,8119,2022,25,84,12,0,1,4,25,84,3,0,0,0,3,25,84,84,25,3,0,0,0
2022-03-26,8120,2022,26,85,12,0,0,5,26,85,3,0,0,0,3,26,85,85,26,3,0,0,0
2022-03-27,8121,2022,27,86,12,0,0,6,27,86,3,0,0,0,3,27,86,86,27,3,0,0,0
2022-03-28,8122,2022,28,87,13,0,1,0,28,87,3,0,0,0,3,28,87,87,28,3,0,0,0
2022-03-29,8123,2022,29,88,13,0,1,1,29,88,3,0,0,0,3,29,88,88,29,3,0,0,0
2022-03-30,8124,2022,30,89,13,0,1,2,30,89,3,0,0,0,3,30,89,89,30,3,0,0,0
2022-03-31,8125,2022,31,90,13,0,1,3,31,90,3,0,0,0,3,31,90,90,31,3,0,0,0
2022-04-01,8126,2022,1,91,13,0,1,4,1,91,4,0,0,0,4,1,91,91,1,4,0,0,0
2022-04-02,8127,2022,2,92,13,0,0,5,2,92,4,0,0,0,4,2,92,92,2,4,0,0,0
2022-04-03,8128,2022,3,93,13,0,0,6,3,93,4,0,0,0,4,3,93,93,3,4,0,0,0
2022-04-04,8129,2022,4,94,14,0,1,0,4,94,4,0,0,0,4,4,94,94,4,4,0,0,0
2022-04-05,8130,2022,5,95,14,0,1,1,5,95,4,0,0,0,4,5,95,95,5,4,0,0,0
2022-04-06,8131,2022,6,96,14,0,1,2,6,96,4,0,0,0,4,6,96,96,6,4,0,0,0
2022-04-07,8132,2022,7,97,14,0,1,3,7,97,4,0,0,0,4,7,97,97,7,4,0,0,0
2022-04-08,8133,2022,8,98,14,0,1,4,8,98,4,0,0,0,4,8,98,98,8,4,0,0,0
2022-04-09,8134,2022,9,99,14,0,0,5,9,99,4,0,0,0,4,9,99,99,9,4,0,0,0
2022-04-10,8135,2022,10,100,14,0,0,6,10,100,4,0,0,0,4,10,100,100,10,4,0,0,0
2022-04-11,8136,2022,11,101,15,0,1,0,11,101,4,0,0,0,4,11,101,101,11,4,0,0,0
2022-04-12,8137,2022,12,102,15,0,1,1,12,102,4,0,0,0,4,12,102,102,12,4,0,0,0
2022-04-13,8138,2022,13,103,15,0,1,2,13,103,4,0,0,0,4,13,103,103,13,4,0,0,0
2022-04-14,8139,2022,14,104,15,0,1,3,14,104,4,0,0,0,4,14,104,104,14,4,0,0,0
2022-04-15,8140,2022,15,105,15,0,1,4,15,105,4,0,0,0,4,15,105,105,15,4,0,0,0
2022-04-16,8141,2022,16,106,15,0,0,5,16,106,4,0,0,0,4,16,106,106,16,4,0,0,0
2022-04-17,8142,2022,17,107,15,0,0,6,17,107,4,0,0,0,4,17,107,107,17,4,0,0,0
2022-04-18,8143,2022,18,108,16,0,1,0,18,108,4,0,0,0,4,18,108,108,18,4,0,0,0
2022-04-19,8144,2022,19,109,16,0,1,1,19,109,4,0,0,0,4,19,109,109,19,4,0,0,0
2022-04-20,8145,2022,20,110,16,0,1,2,20,110,4,0,0,0,4,20,110,110,20,4,0,0,0
2022-04-21,8146,2022,21,111,16,0,1,3,21,111,4,0,0,0,4,21,111,111,21,4,0,0,0
2022-04-22,8147,2022,22,112,16,0,1,4,22,112,4,0,0,0,4,22,112,112,22,4,0,0,0
2022-04-23,8148,2022,23,113,16,0,0,5,23,113,4,0,0,0,4,23,113,113,23,4,0,0,0
2022-04-24,8149,2022,24,114,16,0,0,6,24,114,4,0,0,0,4,24,114,114,24,4,0,0,0
2022-04-25,8150,2022,25,115,17,0,1,0,25,115,4,0,0,0,4,25,115,115,25,4,0,0,0
2022-04-26,8151,2022,26,116,17,0,1,1,26,116,4,0,0,0,4,26,116,116,26,4,0,0,0
2022-04-27,8152,2022,27,117,17,0,1,2,27,117,4,0,0,0,4,27,117,117,27,4,0,0,0
2022-04-28,8153,2022,28,118,17,0,1,3,28,118,4,0,0,0,4,28,118,118,28,4,0,0,0
2022-04-29,8154,2022,29,119,17,0,1,4,29,119,4,0,0,0,4,29,119,119,29,4,0,0,0
2022-04-30,8155,2022,30,120,17,0,0,5,30,120,4,0,0,0,4,30,120,120,30,4,0,0,0
2022-05-01,8156,2022,1,121,17,0,0,6,1,121,5,0,0,0,5,1,121,121,1,5,0,0,0
2022-05-02,8157,2022,2,122,18,0,1,0,2,122,5,0,0,0,5,2,122,122,2,5,0,0,0
2022-05-03,8158,2022,3,123,18,0,1,1,3,123,5,0,0,0,5,3,123,123,3,5,0,0,0
2022-05-04,8159,2022,4,124,18,0,1,2,4,124,5,0,0,0,5,4,124,124,4,5,0,0,0
2022-05-05,8160,2022,5,125,18,0,1,3,5,125,5,0,0,0,5,5,125,125,5,5,0,0,0
2022-05-06,8161,2022,6,126,18,0,1,4,6,126,5,0,0,0,5,6,126,126,6,5,0,0,0
2022-05-07,8162,2022,7,127,18,0,0,5,7,127,5,0,0,0,5,7,127,127,7,5,0,0,0
2022-05-08,8163,2022,8,128,18,0,0,6,8,128,5,0,0,0,5,8,128,128,8,5,0,0,0
2022-05-09,8164,2022,9,129,19,0,1,0,9,129,5,0,0,0,5,9,129,129,9,5,0,0,0
2022-05-10,8165,2022,10,130,19,0,1,1,10,130,5,0,0,0,5,10,130,130,10,5,0,0,0
2022-05-11,8166,2022,11,131,19,0,1,2,11,131,5,0,0,0,5,11,131,131,11,5,0,0,0
2022-05-12,8167,2022,12,132,19,0,1,3,12,132,5,0,0,0,5,12,132,132,12,5,0,0,0
2022-05-13,8168,2022,13,133,19,0,1,4,13,133,5,0,0,0,5,13,133,133,13,5,0,0,0
2022-05-14,8169,2022,14,134,19,0,0,5,14,134,5,0,0,0,5,14,134,134,14,5,0,0,0
2022-05-15,8170,2022,15,135,19,0,0,6,15,135,5,0,0,0,5,15,135,135,15,5,0,0,0
2022-05-16,8171,2022,16,136,20,0,1,0,16,136,5,0,0,0,5,16,136,136,16,5,0,0,0
2022-05-17,8172,2022,17,137,20,0,1,1,17,137,5,0,0,0,5,17,137,137,17,5,0,0,0
2022-05-18,8173,2022,18,138,20,0,1,2,18,138,5,0,0,0,5,18,138,138,18,5,0,0,0
2022-05-19,8174,2022,19,139,20,0,1,3,19,139,5,0,0,0,5,19,139,139,19,5,0,0,0
2022-05-20,8175,2022,20,140,20,0,1,4,20,140,5,0,0,0,5,20,140,140,20,5,0,0,0
2022-05-21,8176,2022,21,141,20,0,0,5,21,141,5,0,0,0,5,21,141,141,21,5,0,0,0
2022-05-22,8177,2022,22,142,20,0,0,6,22,142,5,0,0,0,5,22,142,142,22,5,0,0,0
2022-05-23,8178,2022,23,143,21,0,1,0,23,143,5,0,0,0,5,23,143,143,23,5,0,0,0
2022-05-24,8179,2022,24,144,21,0,1,1,24,144,5,0,0,0,5,24,144,144,24,5,0,0,0
2022-05-25,8180,2022,25,145,21,0,1,2,25,145,5,0,0,0,5,25,145,145,25,5,0,0,0
2022-05-26,8181,2022,26,146,21,0,1,3,26,146,5,0,0,0,5,26,146,146,26,5,0,0,0
2022-05-27,8182,2022,27,147,21,0,1,4,27,147,5,0,0,0,5,27,147,147,27,5,0,0,0
2022-05-28,8183,2022,28,148,21,0,0,5,28,148,5,0,0,0,5,28,148,148,28,5,0,0,0
2022-05-29,8184,2022,29,149,21,0,0,6,29,149,5,0,0,0,5,29,149,149,29,5,0,0,0
2022-05-30,8185,2022,30,150,22,0,1,0,30,150,5,0,0,0,5,30,150,150,30,5,0,0,0
2022-05-31,8186,2022,31,151,22,0,1,1,31,151,5,0,0,0,5,31,151,151,31,5,0,0,0
2022-06-01,8187,2022,1,152,22,0,1,2,1,152,6,0,0,0,6,1,152,152,1,6,0,0,0
2022-06-02,8188,2022,2,153,22,0,1,3,2,153,6,0,0,0,6,2,153,153,2,6,0,0,0
2022-06-03,8189,2022,3,154,22,0,1,4,3,154,6,0,0,0,6,3,154,154,3,6,0,0,0
2022-06-04,8190,2022,4,155,22,0,0,5,4,155,6,0,0,0,6,4,155,155,4,6,0,0,0
2022-06-05,8191,2022,5,156,22,0,0,6,5,156,6,0,0,0,6,5,156,156,5,6,0,0,0
2022-06-06,8192,2022,6,157,23,0,1,0,6,157,6,0,0,0,6,6,157,157,6,6,0,0,0
2022-06-07,8193,2022,7,158,23,0,1,1,7,158,6,0,0,0,6,7,158,158,7,6,0,0,0
2022-06-08,8194,2022,8,159,23,0,1,2,8,159,6,0,0,0,6,8,159,159,8,6,0,0,0
2022-06-09,8195,2022,9,160,23,0,1,3,9,160,6,0,0,0,6,9,160,160,9,6,0,0,0
2022-06-10,8196,2022,10,161,23,0,1,4,10,161,6,0,0,0,6,10,161,161,10,6,0,0,0
2022-06-11,8197,2022,11,162,23,0,0,5,11,162,6,0,0,0,6,11,162,162,11,6,0,0,0
2022-06-12,8198,2022,12,163,23,0,0,6,12,163,6,0,0,0,6,12,163,163,12,6,0,0,0
2022-06-13,8199,2022,13,164,24,0,1,0,13,164,6,0,0,0,6,13,164,164,13,6,0,0,0
2022-06-14,8200,2022,14,165,24,0,1,1,14,165,6,0,0,0,6,14,165,165,14,6,0,0,0
2022-06-15,8201,2022,15,166,24,0,1,2,15,166,6,0,0,0,6,15,166,166,15,6,0,0,0
2022-06-16,8202,2022,16,167,24,0,1,3,16,167,6,0,0,0,6,16,167,167,16,6,0,0,0
2022-06-17,8203,2022,17,168,24,0,1,4,17,168,6,0,0,0,6,17,168,168,17,6,0,0,0
2022-06-18,8204,2022,18,169,24,0,0,5,18,169,6,0,0,0,6,18,169,169,18,6,0,0,0
2022-06-19,8205,2022,19,170,24,0,0,6,19,170,6,0,0,0,6,19,170,170,19,6,0,0,0
2022-06-20,8206,2022,20,171,25,0,1,0,20,171,6,0,0,0,6,20,171,171,20,6,0,0,0
2022-06-21,8207,2022,21,172,25,0,1,1,21,172,6,0,0,0,6,21,172,172,21,6,0,0,0
2022-06-22,8208,2022,22,173,25,0,1,2,22,173,6,0,0,0,6,22,173,173,22,6,0,0,0
2022-06-23,8209,2022,23,174,25,0,1,3,23,174,6,0,0,0,6,23,174,174,23,6,0,0,0
2022-06-24,8210,2022,24,175,25,0,1,4,24,175,6,0,0,0,6,24,175,175,24,6,0,0,0
2022-06-25,8211,2022,25,176,25,0,0,5,25,176,6,0,0,0,6,25,176,176,25,6,0,0,0
2022-06-26,8212,2022,26,177,25,0,0,6,26,177,6,0,0,0,6,26,177,177,26,6,0,0,0
2022-06-27,8213,2022,27,178,26,0,1,0,27,178,6,0,0,0,6,27,178,178,27,6,0,0,0
2022-06-28,8214,2022,28,179,26,0,1,1,28,179,6,0,0,0,6,28,179,179,28,6,0,0,0
2022-06-29,8215,2022,29,180,26,0,1,2,29,180,6,0,0,0,6,29,180,180,29,6,0,0,0
2022-06-30,8216,2022,30,181,26,0,1,3,30,181,6,0,0,0,6,30,181,181,30,6,0,0,0
2022-07-01,8217,2022,1,182,26,0,1,4,1,182,7,0,0,0,7,1,182,182,1,7,0,0,0
2022-07-02,8218,2022,2,183,26,0,0,5,2,183,7,0,0,0,7,2,183,183,2,7,0,0,0
2022-07-03,8219,2022,3,184,26,0,0,6,3,184,7,0,0,0,7,3,184,184,3,7,0,0,0
2022-07-04,8220,2022,4,185,27,0,1,0,4,185,7,0,0,0,7,4,185,185,4,7,0,0,0
2022-07-05,8221,2022,5,186,27,0,1,1,5,186,7,0,0,0,7,5,186,186,5,7,0,0,0
2022-07-06,8222,2022,6,187,27,0,1,2,6,187,7,0,0,0,7,6,187,187,6,7,0,0,0
2022-07-07,8223,2022,7,188,27,0,1,3,7,188,7,0,0,0,7,7,188,188,7,7,0,0,0
2022-07-08,8224,2022,8,189,27,0,1,4,8,189,7,0,0,0,7,8,189,189,8,7,0,0,0
2022-07-09,8225,2022,9,190,27,0,0,5,9,190,7,0,0,0,7,9,190,190,9,7,0,0,0
2022-07-10,8226,2022,10,191,27,0,0,6,10,191,7,0,0,0,7,10,191,191,10,7,0,0,0
2022-07-11,8227,2022,11,192,28,0,1,0,11,192,7,0,0,0,7,11,192,192,11,7,0,0,0
2022-07-12,8228,2022,12,193,28,0,1,1,12,193,7,0,0,0,7,12,193,193,12,7,0,0,0
2022-07-13,8229,2022,13,194,28,0,1,2,13,194,7,0,0,0,7,13,194,194,13,7,0,0,0
2022-07-14,8230,2022,14,195,28,0,1,3,14,195,7,0,0,0,7,14,195,195,14,7,0,0,0
2022-07-15,8231,2022,15,196,28,0,1,4,15,196,7,0,0,0,7,15,196,196,15,7,0,0,0
2022-07-16,8232,2022,16,197,28,0,0,5,16,197,7,0,0,0,7,16,197,197,16,7,0,0,0
2022-07-17,8233,2022,17,198,28,0,0,6,17,198,7,0,0,0,7,17,198,198,17,7,0,0,0
2022-07-18,8234,2022,18,199,29,0,1,0,18,199,7,0,0,0,7,18,199,199,18,7,0,0,0
2022-07-19,8235,2022,19,200,29,0,1,1,19,200,7,0,0,0,7,19,200,200,19,7,0,0,0
2022-07-20,8236,2022,20,201,29,0,1,2,20,201,7,0,0,0,7,20,201,201,20,7,0,0,0
2022-07-21,8237,2022,21,202,29,0,1,3,21,202,7,0,0,0,7,21,202,202,21,7,0,0,0
2022-07-22,8238,2022,22,203,29,0,1,4,22,203,7,0,0,0,7,22,203,203,22,7,0,0,0
2022-07-23,8239,2022,23,204,29,0,0,5,23,204,7,0,0,0,7,23,204,204,23,7,0,0,0
2022-07-24,8240,2022,24,205,29,0,0,6,24,205,7,0,0,0,7,24,205,205,24,7,0,0,0
2022-07-25,8241,2022,25,206,30,0,1,0,25,206,7,0,0,0,7,25,206,206,25,7,0,0,0
2022-07-26,8242,2022,26,207,30,0,1,1,26,207,7,0,0,0,7,26,207,207,26,7,0,0,0
2022-07-27,8243,2022,27,208,30,0,1,2,27,208,7,0,0,0,7,27,208,208,27,7,0,0,0
2022-07-28,8244,2022,28,209,30,0,1,3,28,209,7,0,0,0,7,28,209,209,28,7,0,0,0
2022-07-29,8245,2022,29,210,30,0,1,4,29,210,7,0,0,0,7,29,210,210,29,7,0,0,0
2022-07-30,8246,2022,30,211,30,0,0,5,30,211,7,0,0,0,7,30,211,211,30,7,0,0,0
2022-07-31,8247,2022,31,212,30,0,0,6,31,212,7,0,0,0,7,31,212,212,31,7,0,0,0
2022-08-01,8248,2022,1,213,31,0,1,0,1,213,8,0,0,0,8,1,213,213,1,8,0,0,0
2022-08-02,8249,2022,2,214,31,0,1,1,2,214,8,0,0,0,8,2,214,214,2,8,0,0,0
2022-08-03,8250,2022,3,215,31,0,1,2,3,215,8,0,0,0,8,3,215,215,3,8,0,0,0
2022-08-04,8251,2022,4,216,31,0,1,3,4,216,8,0,0,0,8,4,216,216,4,8,0,0,0
2022-08-05,8252,2022,5,217,31,0,1,4,5,217,8,0,0,0,8,5,217,217,5,8,0,0,0
2022-08-06,8253,2022,6,218,31,0,0,5,6,218,8,0,0,0,8,6,218,218,6,8,0,0,0
2022-08-07,8254,2022,7,219,31,0,0,6,7,219,8,0,0,0,8,7,219,219,7,8,0,0,0
2022-08-08,8255,2022,8,220,32,0,1,0,8,220,8,0,0,0,8,8,220,220,8,8,0,0,0
2022-08-09,8256,2022,9,221,32,0,1,1,9,221,8,0,0,0,8,9,221,221,9,8,0,0,0
2022-08-10,8257,2022,10,222,32,0,1,2,10,222,8,0,0,0,8,10,222,222,10,8,0,0,0
2022-08-11,8258,2022,11,223,32,0,1,3,11,223,8,0,0,0,8,11,223,223,11,8,0,0,0
2022-08-12,8259,2022,12,224,32,0,1,4,12,224,8,0,0,0,8,12,224,224,12,8,0,0,0
2022-08-13,8260,2022,13,225,32,0,0,5,13,225,8,0,0,0,8,13,225,225,13,8,0,0,0
2022-08-14,8261,2022,14,226,32,0,0,6,14,226,8,0,0,0,8,14,226,226,14,8,0,0,0
2022-08-15,8262,2022,15,227,33,1,1,0,15,227,8,0,0,0,8,15,227,227,15,8,0,0,0
2022-08-16,8263,2022,16,228,33,0,1,1,16,228,8,0,0,0,8,16,228,228,16,8,0,0,0
2022-08-17,8264,2022,17,229,33,0,1,2,17,229,8,0,0,0,8,17,229,229,17,8,0,0,0
2022-08-18,8265,2022,18,230,33,0,1,3,18,230,8,0,0,0,8,18,230,230,18,8,0,0,0
2022-08-19,8266,2022,19,231,33,0,1,4,19,231,8,0,0,0,8,19,231,231,19,8,0,0,0
2022-08-20,8267,2022,20,232,33,0,0,5,20,232,8,0,0,0,8,20,232,232,20,8,0,0,0
2022-08-21,8268,2022,21,233,33,0,0,6,21,233,8,0,0,0,8,21,233,233,21,8,0,0,0
2022-08-22,8269,2022,22,234,34,0,1,0,22,234,8,0,0,0,8,22,234,234,22,8,0,0,0
2022-08-23,8270,2022,23,235,34,0,1,1,23,235,8,0,0,0,8,23,235,235,23,8,0,0,0
2022-08-24,8271,2022,24,236,34,0,1,2,24,236,8,0,0,0,8,24,236,236,24,8,0,0,0
2022-08-25,8272,2022,25,237,34,0,1,3,25,237,8,0,0,0,8,25,237,237,25,8,0,0,0
2022-08-26,8273,2022,26,238,34,0,1,4,26,238,8,0,0,0,8,26,238,238,26,8,0,0,0
2022-08-27,8274,2022,27,239,34,0,0,5,27,239,8,0,0,0,8,27,239,239,27,8,0,0,0
2022-08-28,8275,2022,28,240,34,0,0,6,28,240,8,0,0,0,8,28,240,240,28,8,0,0,0
2022-08-29,8276,2022,29,241,35,0,1,0,29,241,8,0,0,0,8,29,241,241,29,8,0,0,0
2022-08-30,8277,2022,30,242,35,0,1,1,30,242,8,0,0,0,8,30,242,242,30,8,0,0,0
2022-08-31,8278,2022,31,243,35,0,1,2,31,243,8,0,0,0,8,31,243,243,31,8,0,0,0
2022-09-01,8279,2022,1,244,35,0,1,3,1,244,9,0,0,0,9,1,244,244,1,9,0,0,0
2022-09-02,8280,2022,2,245,35,0,1,4,2,245,9,0,0,0,9,2,245,245,2,9,0,0,0
2022-09-03,8281,2022,3,246,35,0,0,5,3,246,9,0,0,0,9,3,246,246,3,9,0,0,0
2022-09-04,8282,2022,4,247,35,0,0,6,4,247,9,0,0,0,9,4,247,247,4,9,0,0,0
2022-09-05,8283,2022,5,248,36,0,1,0,5,248,9,0,0,0,9,5,248,248,5,9,0,0,0
2022-09-06,8284,2022,6,249,36,0,1,1,6,249,9,0,0,0,9,6,249,249,6,9,0,0,0
2022-09-07,8285,2022,7,250,36,0,1,2,7,250,9,0,0,0,9,7,250,250,7,9,0,0,0
2022-09-08,8286,2022,8,251,36,0,1,3,8,251,9,0,0,0,9,8,251,251,8,9,0,0,0
2022-09-09,8287,2022,9,252,36,0,1,4,9,252,9,0,0,0,9,9,252,252,9,9,0,0,0
2022-09-10,8288,2022,10,253,36,0,0,5,10,253,9,0,0,0,9,10,253,253,10,9,0,0,0
2022-09-11,8289,2022,11,254,36,0,0,6,11,254,9,0,0,0,9,11,254,254,11,9,0,0,0
2022-09-12,8290,2022,12,255,37,0,1,0,12,255,9,0,0,0,9,12,255,255,12,9,0,0,0
2022-09-13,8291,2022,13,256,37,0,1,1,13,256,9,0,0,0,9,13,256,256,13,9,0,0,0
2022-09-14,8292,2022,14,257,37,0,1,2,14,257,9,0,0,0,9,14,257,257,14,9,0,0,0
2022-09-15,8293,2022,15,258,37,0,1,3,15,258,9,0,0,0,9,15,258,258,15,9,0,0,0
2022-09-16,8294,2022,16,259,37,0,1,4,16,259,9,0,0,0,9,16,259,259,16,9,0,0,0
2022-09-17,8295,2022,17,260,37,0,0,5,17,260,9,0,0,0,9,17,260,260,17,9,0,0,0
2022-09-18,8296,2022,18,261,37,0,0,6,18,261,9,0,0,0,9,18,261,261,18,9,0,0,0
2022-09-19,8297,2022,19,262,38,0,1,0,19,262,9,0,0,0,9,19,262,262,19,9,0,0,0
2022-09-20,8298,2022,20,263,38,0,1,1,20,263,9,0,0,0,9,20,263,263,20,9,0,0,0
2022-09-21,8299,2022,21,264,38,0,1,2,21,264,9,0,0,0,9,21,264,264,21,9,0,0,0
2022-09-22,8300,2022,22,265,38,0,1,3,22,265,9,0,0,0,9,22,265,265,22,9,0,0,0
2022-09-23,8301,2022,23,266,38,0,1,4,23,266,9,0,0,0,9,23,266,266,23,9,0,0,0
2022-09-24,8302,2022,24,267,38,0,0,5,24,267,9,0,0,0,9,24,267,267,24,9,0,0,0
2022-09-25,8303,2022,25,268,38,0,0,6,25,268,9,0,0,0,9,25,268,268,25,9,0,0,0
2022-09-26,8304,2022,26,269,39,0,1,0,26,269,9,0,0,0,9,26,269,269,26,9,0,0,0
2022-09-27,8305,2022,27,270,39,0,1,1,27,270,9,0,0,0,9,27,270,270,27,9,0,0,0
2022-09-28,8306,2022,28,271,39,0,1,2,28,271,9,0,0,0,9,28,271,271,28,9,0,0,0
2022-09-29,8307,2022,29,272,39,0,1,3,29,272,9,0,0,0,9,29,272,272,29,9,0,0,0
2022-09-30,8308,2022,30,273,39,0,1,4,30,273,9,0,0,0,9,30,273,273,30,9,0,0,0
2022-10-01,8309,2022,1,274,39,0,0,5,1,274,10,0,0,0,10,1,274,274,1,10,0,0,0
2022-10-02,8310,2022,2,275,39,1,0,6,2,275,10,0,0,0,10,2,275,275,2,10,0,0,0
2022-10-03,8311,2022,3,276,40,0,1,0,3,276,10,0,0,0,10,3,276,276,3,10,0,0,0
2022-10-04,8312,2022,4,277,40,0,1,1,4,277,10,0,0,0,10,4,277,277,4,10,0,0,0
2022-10-05,8313,2022,5,278,40,0,1,2,5,278,10,0,0,0,10,5,278,278,5,10,0,0,0
2022-10-06,8314,2022,6,279,40,0,1,3,6,279,10,0,0,0,10,6,279,279,6,10,0,0,0
2022-10-07,8315,2022,7,280,40,0,1,4,7,280,10,0,0,0,10,7,280,280,7,10,0,0,0
2022-10-08,8316,2022,8,281,40,0,0,5,8,281,10,0,0,0,10,8,281,281,8,10,0,0,0
2022-10-09,8317,2022,9,282,40,0,0,6,9,282,10,0,0,0,10,9,282,282,9,10,0,0,0
2022-10-10,8318,2022,10,283,41,0,1,0,10,283,10,0,0,0,10,10,283,283,10,10,0,0,0
2022-10-11,8319,2022,11,284,41,0,1,1,11,284,10,0,0,0,10,11,284,284,11,10,0,0,0
2022-10-12,8320,2022,12,285,41,0,1,2,12,285,10,0,0,0,10,12,285,285,12,10,0,0,0
2022-10-13,8321,2022,13,286,41,0,1,3,13,286,10,0,0,0,10,13,286,286,13,10,0,0,0
2022-10-14,8322,2022,14,287,41,0,1,4,14,287,10,0,0,0,10,14,287,287,14,10,0,0,0
2022-10-15,8323,2022,15,288,41,0,0,5,15,288,10,0,0,0,10,15,288,288,15,10,0,0,0
2022-10-16,8324,2022,16,289,41,0,0,6,16,289,10,0,0,0,10,16,289,289,16,10,0,0,0
2022-10-17,8325,2022,17,290,42,0,1,0,17,290,10,0,0,0,10,17,290,290,17,10,0,0,0
2022-10-18,8326,2022,18,291,42,0,1,1,18,291,10,0,0,0,10,18,291,291,18,10,0,0,0
2022-10-19,8327,2022,19,292,42,0,1,2,19,292,10,0,0,0,10,19,292,292,19,10,0,0,0
2022-10-20,8328,2022,20,293,42,0,1,3,20,293,10,0,0,0,10,20,293,293,20,10,0,0,0
2022-10-21,8329,2022,21,294,42,0,1,4,21,294,10,0,0,0,10,21,294,294,21,10,0,0,0
2022-10-22,8330,2022,22,295,42,0,0,5,22,295,10,0,0,0,10,22,295,295,22,10,0,0,0
2022-10-23,8331,2022,23,296,42,0,0,6,23,296,10,0,0,0,10,23,296,296,23,10,0,0,0
2022-10-24,8332,2022,24,297,43,1,1,0,24,297,10,0,0,0,10,24,297,297,24,10,0,0,0
2022-10-25,8333,2022,25,298,43,0,1,1,25,298,10,0,0,0,10,25,298,298,25,10,0,0,0
2022-10-26,8334,2022,26,299,43,0,1,2,26,299,10,0,0,0,10,26,299,299,26,10,0,0,0
2022-10-27,8335,2022,27,300,43,0,1,3,27,300,10,0,0,0,10,27,300,300,27,10,0,0,0
2022-10-28,8336,2022,28,301,43,0,1,4,28,301,10,0,0,0,10,28,301,301,28,10,0,0,0
2022-10-29,8337,2022,29,302,43,0,0,5,29,302,10,0,0,0,10,29,302,302,29,10,0,0,0
2022-10-30,8338,2022,30,303,43,0,0,6,30,303,10,0,0,0,10,30,303,303,30,10,0,0,0
2022-10-31,8339,2022,31,304,44,0,1,0,31,304,10,0,0,0,10,31,304,304,31,10,0,0,0
2022-11-01,8340,2022,1,305,44,0,1,1,1,305,11,0,0,0,11,1,305,305,1,11,0,0,0
2022-11-02,8341,2022,2,306,44,0,1,2,2,306,11,0,0,0,11,2,306,306,2,11,0,0,0
2022-11-03,8342,2022,3,307,44,0,1,3,3,307,11,0,0,0,11,3,307,307,3,11,0,0,0
2022-11-04,8343,2022,4,308,44,0,1,4,4,308,11,0,0,0,11,4,308,308,4,11,0,0,0
2022-11-05,8344,2022,5,309,44,0,0,5,5,309,11,0,0,0,11,5,309,309,5,11,0,0,0
2022-11-06,8345,2022,6,310,44,0,0,6,6,310,11,0,0,0,11,6,310,310,6,11,0,0,0
2022-11-07,8346,2022,7,311,45,0,1,0,7,311,11,0,0,0,11,7,311,311,7,11,0,0,0
2022-11-08,8347,2022,8,312,45,0,1,1,8,312,11,0,0,0,11,8,312,312,8,11,0,0,0
2022-11-09,8348,2022,9,313,45,0,1,2,9,313,11,0,0,0,11,9,313,313,9,11,0,0,0
2022-11-10,8349,2022,10,314,45,0,1,3,10,314,11,0,0,0,11,10,314,314,10,11,0,0,0
2022-11-11,8350,2022,11,315,45,0,1,4,11,315,11,0,0,0,11,11,315,315,11,11,0,0,0
2022-11-12,8351,2022,12,316,45,0,0,5,12,316,11,0,0,0,11,12,316,316,12,11,0,0,0
2022-11-13,8352,2022,13,317,45,0,0,6,13,317,11,0,0,0,11,13,317,317,13,11,0,0,0
2022-11-14,8353,2022,14,318,46,1,1,0,14,318,11,0,0,0,11,14,318,318,14,11,0,0,0
2022-11-15,8354,2022,15,319,46,0,1,1,15,319,11,0,0,0,11,15,319,319,15,11,0,0,0
2022-11-16,8355,2022,16,320,46,0,1,2,16,320,11,0,0,0,11,16,320,320,16,11,0,0,0
2022-11-17,8356,2022,17,321,46,0,1,3,17,321,11,0,0,0,11,17,321,321,17,11,0,0,0
2022-11-18,8357,2022,18,322,46,0,1,4,18,322,11,0,0,0,11,18,322,322,18,11,0,0,0
2022-11-19,8358,2022,19,323,46,0,0,5,19,323,11,0,0,0,11,19,323,323,19,11,0,0,0
2022-11-20,8359,2022,20,324,46,0,0,6,20,324,11,0,0,0,11,20,324,324,20,11,0,0,0
2022-11-21,8360,2022,21,325,47,0,1,0,21,325,11,0,0,0,11,21,325,325,21,11,0,0,0
2022-11-22,8361,2022,22,326,47,0,1,1,22,326,11,0,0,0,11,22,326,326,22,11,0,0,0
2022-11-23,8362,2022,23,327,47,0,1,2,23,327,11,0,0,0,11,23,327,327,23,11,0,0,0
2022-11-24,8363,2022,24,328,47,0,1,3,24,328,11,0,0,0,11,24,328,328,24,11,0,0,0
2022-11-25,8364,2022,25,329,47,0,1,4,25,329,11,0,0,0,11,25,329,329,25,11,0,0,0
2022-11-26,8365,2022,26,330,47,0,0,5,26,330,11,0,0,0,11,26,330,330,26,11,0,0,0
2022-11-27,8366,2022,27,331,47,0,0,6,27,331,11,0,0,0,11,27,331,331,27,11,0,0,0
2022-11-28,8367,2022,28,332,48,0,1,0,28,332,11,0,0,0,11,28,332,332,28,11,0,0,0
2022-11-29,8368,2022,29,333,48,0,1,1,29,333,11,0,0,0,11,29,333,333,29,11,0,0,0
2022-11-30,8369,2022,30,334,48,0,1,2,30,334,11,0,0,0,11,30,334,334,30,11,0,0,0
2022-12-01,8370,2022,1,335,48,0,1,3,1,335,12,0,0,0,12,1,335,335,1,12,0,0,0
2022-12-02,8371,2022,2,336,48,0,1,4,2,336,12,0,0,0,12,2,336,336,2,12,0,0,0
2022-12-03,8372,2022,3,337,48,0,0,5,3,337,12,0,0,0,12,3,337,337,3,12,0,0,0
2022-12-04,8373,2022,4,338,48,0,0,6,4,338,12,0,0,0,12,4,338,338,4,12,0,0,0
2022-12-05,8374,2022,5,339,49,0,1,0,5,339,12,0,0,0,12,5,339,339,5,12,0,0,0
2022-12-06,8375,2022,6,340,49,0,1,1,6,340,12,0,0,0,12,6,340,340,6,12,0,0,0
2022-12-07,8376,2022,7,341,49,0,1,2,7,341,12,0,0,0,12,7,341,341,7,12,0,0,0
2022-12-08,8377,2022,8,342,49,0,1,3,8,342,12,0,0,0,12,8,342,342,8,12,0,0,0
2022-12-09,8378,2022,9,343,49,0,1,4,9,343,12,0,0,0,12,9,343,343,9,12,0,0,0
2022-12-10,8379,2022,10,344,49,0,0,5,10,344,12,0,0,0,12,10,344,344,10,12,0,0,0
2022-12-11,8380,2022,11,345,49,0,0,6,11,345,12,0,0,0,12,11,345,345,11,12,0,0,0
2022-12-12,8381,2022,12,346,50,0,1,0,12,346,12,0,0,0,12,12,346,346,12,12,0,0,0
2022-12-13,8382,2022,13,347,50,0,1,1,13,347,12,0,0,0,12,13,347,347,13,12,0,0,0
2022-12-14,8383,2022,14,348,50,0,1,2,14,348,12,0,0,0,12,14,348,348,14,12,0,0,0
2022-12-15,8384,2022,15,349,50,0,1,3,15,349,12,0,0,0,12,15,349,349,15,12,0,0,0
2022-12-16,8385,2022,16,350,50,0,1,4,16,350,12,0,0,0,12,16,350,350,16,12,0,0,0
2022-12-17,8386,2022,17,351,50,0,0,5,17,351,12,0,0,0,12,17,351,351,17,12,0,0,0
2022-12-18,8387,2022,18,352,50,0,0,6,18,352,12,0,0,0,12,18,352,352,18,12,0,0,0
2022-12-19,8388,2022,19,353,51,0,1,0,19,353,12,0,0,0,12,19,353,353,19,12,0,0,0
2022-12-20,8389,2022,20,354,51,0,1,1,20,354,12,0,0,0,12,20,354,354,20,12,0,0,0
2022-12-21,8390,2022,21,355,51,0,1,2,21,355,12,0,0,0,12,21,355,355,21,12,0,0,0
2022-12-22,8391,2022,22,356,51,0,1,3,22,356,12,0,0,0,12,22,356,356,22,12,0,0,0
2022-12-23,8392,2022,23,357,51,0,1,4,23,357,12,0,0,0,12,23,357,357,23,12,0,0,0
2022-12-24,8393,2022,24,358,51,0,0,5,24,358,12,0,0,0,12,24,358,358,24,12,0,0,0
2022-12-25,8394,2022,25,359,51,1,0,6,25,359,12,0,0,0,12,25,359,359,25,12,0,0,0
2022-12-26,8395,2022,26,360,52,0,1,0,26,360,12,0,0,0,12,26,360,360,26,12,0,0,0
2022-12-27,8396,2022,27,361,52,0,1,1,27,361,12,0,0,0,12,27,361,361,27,12,0,0,0
2022-12-28,8397,2022,28,362,52,0,1,2,28,362,12,0,0,0,12,28,362,362,28,12,0,0,0
2022-12-29,8398,2022,29,363,52,0,1,3,29,363,12,0,0,0,12,29,363,363,29,12,0,0,0
2022-12-30,8399,2022,30,364,52,0,1,4,30,364,12,0,0,0,12,30,364,364,30,12,0,0,0
2022-12-31,8400,2022,31,365,52,0,0,5,31,365,12,0,0,0,12,31,365,365,31,12,0,0,0
